sorteo,n1,n2,n3,n4,n5,n6,n7,n8,n9,n10,n11,n12,n13,n14
2362,02,03,05,07,12,13,16,17,18,19,20,21,24,25
2364,01,03,06,07,09,10,12,13,16,17,19,20,22,25
2365,02,03,04,06,07,09,11,12,14,18,20,21,24,25
2367,01,06,08,10,12,13,15,17,19,21,22,23,24,25
2368,03,05,06,08,10,11,13,14,15,17,19,22,24,25
2370,04,05,06,07,08,09,11,13,14,17,18,20,21,24
2371,02,04,05,08,11,12,13,14,16,18,20,21,24,25
2373,04,05,06,08,09,11,12,13,16,17,19,22,24,25
2374,01,02,04,06,07,09,10,11,13,17,18,20,23,24
2376,01,03,04,05,08,11,15,17,18,19,20,22,24,25
2377,02,05,06,09,10,11,13,14,17,19,21,22,23,25
2379,01,06,07,08,10,13,14,15,17,18,20,21,22,23
2380,02,03,09,10,12,13,14,15,19,20,22,23,24,25
2382,01,03,04,07,10,11,12,13,14,16,19,21,24,25
2383,04,05,08,12,13,15,16,17,18,19,20,21,22,25
2385,01,03,04,06,07,08,09,13,14,15,17,19,24,25
2386,01,02,03,04,05,06,07,10,12,15,16,20,22,23
2388,02,03,04,05,08,09,10,11,12,14,15,17,19,22
2389,01,03,04,05,06,09,12,14,15,17,19,20,24,25
2391,02,05,07,09,11,14,15,16,18,19,20,23,24,25
2392,01,02,03,04,11,14,16,18,19,20,21,23,24,25
2394,02,09,10,11,12,14,15,16,17,19,21,22,24,25
2395,02,04,07,09,10,11,13,15,16,17,20,21,22,24
2396,01,02,08,09,10,11,14,15,16,17,18,19,20,22
2397,01,02,03,04,08,13,14,15,17,18,19,21,22,25
2398,03,04,05,06,07,08,11,13,16,17,19,22,23,25
2399,02,03,04,08,10,11,12,14,15,19,20,21,22,23
2400,01,02,03,04,05,06,08,10,11,13,15,16,19,23
2401,01,02,05,06,08,10,11,12,15,18,19,21,22,24
2402,01,02,04,06,07,09,10,11,13,15,17,18,23,24
2403,01,04,05,08,10,11,14,15,16,19,21,22,23,24
2405,01,03,06,07,08,09,10,12,14,18,19,22,23,25
2406,01,02,06,07,08,09,10,11,12,14,20,21,23,25
2407,01,04,09,10,11,12,15,16,18,20,21,22,24,25
2408,04,05,10,11,12,14,15,16,17,19,20,22,23,25
2409,05,06,09,10,11,13,14,16,17,19,22,23,24,25
2410,01,02,04,07,08,10,13,14,16,17,19,20,21,23
2411,03,08,09,10,12,13,14,17,18,20,21,23,24,25
2412,01,02,03,04,06,08,10,16,17,18,21,22,23,25
2413,01,04,05,06,07,09,12,15,17,18,19,21,23,24
2414,01,03,04,07,08,10,12,17,19,20,21,22,23,24
2415,04,05,06,10,11,12,13,16,17,18,21,22,23,24
2416,01,02,05,06,07,08,09,10,12,13,18,20,23,25
2417,02,06,08,09,10,11,12,15,16,17,18,19,24,25
2418,02,03,04,06,09,12,14,15,16,19,21,22,23,24
2419,01,02,04,05,07,09,10,15,19,20,22,23,24,25
2420,02,04,06,08,10,12,14,15,17,18,19,21,23,25
2421,02,03,04,08,09,11,14,15,18,19,20,22,23,24
2422,01,02,03,04,06,13,15,16,17,18,19,22,24,25
2423,01,03,04,05,06,07,08,09,10,14,15,21,22,23
2424,03,05,06,08,09,10,12,16,18,19,21,22,24,25
2425,02,03,06,07,08,09,11,12,13,15,16,17,19,25
2426,01,02,03,07,08,09,10,15,16,17,18,19,24,25
2427,01,03,05,06,07,08,15,18,19,20,21,22,24,25
2428,02,03,08,09,10,11,12,15,18,19,20,21,23,24
2429,04,07,08,09,10,13,15,16,17,18,19,21,22,23
2430,04,06,07,08,10,11,13,15,17,18,19,20,23,25
2431,03,05,06,07,08,11,12,13,15,17,20,22,23,25
2432,01,02,03,04,09,10,13,15,16,18,20,23,24,25
2433,01,04,05,07,08,09,10,13,15,16,17,18,20,21
2434,03,04,05,08,10,11,13,14,15,18,19,21,23,24
2435,02,06,08,09,10,11,12,15,17,19,21,22,23,24
2436,01,06,07,09,11,13,14,17,18,19,20,22,24,25
2437,01,02,04,05,06,09,12,16,18,19,20,21,23,24
2438,02,03,07,08,10,11,12,15,16,20,21,22,24,25
2439,04,10,11,12,13,14,16,17,18,19,20,21,22,24
2440,01,03,04,06,08,10,12,14,16,19,21,22,24,25
2441,01,02,04,06,09,10,12,16,17,18,19,21,23,25
2442,01,02,03,05,09,10,12,14,15,17,18,20,21,25
2443,01,02,03,05,10,14,15,17,18,19,21,23,24,25
2444,01,02,03,04,05,08,11,12,16,17,19,20,21,23
2445,02,03,04,06,07,08,09,10,11,13,15,17,18,19
2446,02,04,07,08,09,10,11,12,13,15,17,19,23,25
2447,01,02,04,05,08,10,13,14,15,16,18,19,20,22
2448,02,03,04,06,08,09,10,11,14,16,17,20,22,23
2449,02,03,04,05,06,08,14,15,16,17,18,19,21,22
2450,01,02,03,04,05,07,08,10,11,12,13,20,23,24
2451,01,02,04,06,07,08,11,13,14,17,18,22,23,24
2452,02,03,04,05,06,09,10,13,15,17,18,19,20,25
2453,03,04,05,06,07,10,11,13,17,18,21,22,23,24
2454,02,04,05,06,07,09,11,12,18,19,20,21,23,24
2455,06,07,08,11,13,14,15,18,19,20,22,23,24,25
2456,03,05,08,09,10,12,13,14,15,16,19,23,24,25
2457,02,05,09,11,12,13,15,18,19,20,21,22,23,25
2458,01,03,04,06,07,11,12,14,18,19,21,22,23,24
2459,06,07,09,10,11,12,13,14,15,16,17,19,20,25
2460,01,03,04,05,06,10,12,14,18,21,22,23,24,25
2461,01,04,06,08,10,12,15,16,17,18,21,23,24,25
2462,02,03,04,08,09,10,11,12,19,20,21,23,24,25
2463,01,03,04,05,08,10,11,14,15,17,21,22,24,25
2464,01,02,07,11,12,14,15,16,18,20,21,23,24,25
2465,02,04,05,08,09,11,13,14,16,18,19,20,21,25
2466,01,04,05,06,07,08,09,15,17,19,21,23,24,25
2467,02,03,04,06,07,10,14,15,16,19,20,23,24,25
2468,01,02,04,06,07,08,09,11,14,16,19,21,22,24
2469,01,05,06,07,08,10,12,14,15,16,17,18,22,24
2470,01,03,04,06,07,08,09,10,11,12,18,20,23,25
2471,01,07,08,09,10,12,14,15,16,17,20,21,22,25
2472,02,03,04,05,10,11,13,14,20,21,22,23,24,25
2473,01,03,04,05,06,08,09,13,16,18,20,22,23,25
2474,01,03,05,07,08,09,11,12,15,16,17,19,20,24
2475,01,02,04,07,08,09,11,12,16,17,19,20,22,24
2476,01,02,03,04,07,08,09,10,13,14,15,16,22,23
2477,04,05,06,07,09,11,12,14,15,19,21,23,24,25
2478,04,05,06,08,09,11,14,15,16,19,20,21,23,25
2479,01,02,03,05,06,08,09,10,16,18,20,22,24,25
2480,02,03,04,05,06,07,08,09,10,12,14,15,20,25
2481,03,04,05,06,07,08,09,10,12,15,19,20,23,24
2482,01,03,04,05,08,09,12,13,15,19,20,22,23,25
2483,02,03,04,05,06,09,11,12,15,17,18,19,21,23
2484,01,03,04,05,07,11,12,13,14,15,16,18,19,25
2485,01,03,06,07,11,12,15,17,19,20,21,22,24,25
2486,03,06,07,08,10,11,12,17,18,19,20,21,24,25
2487,01,04,06,09,10,11,13,15,16,19,20,21,22,24
2488,02,03,05,07,09,10,13,14,15,16,17,19,21,25
2489,01,03,04,05,06,07,08,09,10,14,19,20,23,25
2490,01,02,04,06,10,12,13,16,17,19,21,22,24,25
2491,01,03,04,08,09,13,15,18,19,20,21,22,24,25
2492,02,03,05,06,09,11,13,16,17,19,21,22,23,25
2493,01,02,04,05,06,07,09,10,11,13,14,16,17,20
2494,01,02,03,05,07,09,15,17,19,20,21,23,24,25
2495,01,02,03,07,08,10,12,14,16,20,21,23,24,25
2496,01,03,04,08,09,10,12,14,16,18,21,23,24,25
2497,01,06,09,12,13,15,16,17,18,19,20,21,23,24
2498,01,03,06,09,10,11,12,13,16,17,21,22,23,25
2499,01,03,04,05,06,07,10,13,17,18,19,21,23,25
2500,01,02,04,07,08,09,13,14,15,18,22,23,24,25
2501,01,04,05,09,10,11,12,15,19,20,21,23,24,25
2502,02,04,05,07,08,10,11,12,17,18,20,21,22,23
2503,01,04,05,07,10,12,14,15,17,18,19,21,23,24
2504,02,03,04,07,10,12,13,15,17,18,19,22,23,24
2505,01,02,03,06,08,11,12,13,16,17,18,21,22,23
2506,02,03,06,08,11,12,13,14,16,17,20,21,23,24
2507,05,06,08,09,11,12,14,16,17,19,20,22,24,25
2508,01,06,07,08,10,15,16,17,18,19,22,23,24,25
2509,01,02,04,05,06,11,13,14,15,16,17,18,21,25
2510,01,02,04,05,08,09,11,15,16,17,19,21,23,25
2511,01,03,04,05,06,08,09,10,11,13,15,19,22,25
2512,01,04,07,09,12,14,17,18,19,20,22,23,24,25
2513,01,02,03,04,09,12,13,14,18,19,20,21,24,25
2514,02,04,06,09,10,11,13,16,17,18,19,20,21,24
2515,01,02,04,07,09,11,12,14,16,17,18,23,24,25
2516,01,02,04,05,06,07,10,11,12,13,15,17,20,25
2517,03,09,10,11,12,13,14,16,18,20,21,22,24,25
2518,01,04,05,07,08,09,11,12,14,17,20,23,24,25
2519,01,02,04,05,07,08,09,10,11,12,14,18,21,24
2520,02,05,06,07,08,09,10,12,13,14,15,17,18,20
2521,01,02,03,04,05,06,07,08,11,16,18,21,24,25
2522,03,05,06,08,09,12,13,14,16,19,21,23,24,25
2523,01,02,07,08,10,11,13,14,15,17,21,22,23,25
2524,02,05,07,09,11,13,15,16,17,18,19,20,22,23
2525,02,03,05,06,07,09,10,11,12,13,15,18,19,23
2526,02,04,05,07,09,11,12,16,17,19,20,21,23,25
2527,01,02,07,08,09,10,11,12,15,17,18,20,23,25
2528,02,03,05,07,09,10,11,16,17,18,21,22,24,25
2529,03,07,08,09,10,11,15,16,17,18,19,22,24,25
2530,02,03,06,07,08,10,12,13,15,18,19,20,22,23
2531,01,04,05,08,10,12,13,15,17,19,20,21,22,24
2532,02,04,05,07,08,09,10,12,15,16,20,21,24,25
2533,01,03,06,09,11,13,15,16,17,19,20,22,24,25
2534,04,05,06,07,08,10,11,13,16,17,18,21,23,24
2535,02,04,06,07,08,11,12,15,16,17,18,20,21,23
2536,01,06,07,10,11,13,15,16,17,18,21,22,23,24
2537,01,02,04,05,07,08,09,13,14,17,21,22,24,25
2538,01,06,07,08,10,11,12,14,15,16,19,22,24,25
2539,01,02,04,05,07,08,11,13,16,19,20,23,24,25
2540,01,02,04,06,07,08,09,10,12,14,21,22,24,25
2541,01,02,03,04,07,08,09,11,13,18,19,21,23,24
2542,02,03,05,06,08,11,15,16,17,18,19,22,23,24
2543,05,07,09,10,12,13,16,17,18,19,20,21,23,24
2544,04,05,07,09,11,12,13,15,16,17,20,21,24,25
2545,03,04,05,07,08,09,10,11,16,18,19,23,24,25
2546,01,02,03,04,08,10,13,14,16,17,18,22,23,24
2547,01,02,03,04,05,07,08,09,12,14,18,19,22,25
2548,02,03,05,06,07,09,10,11,13,16,17,20,21,23
2549,01,03,04,05,07,08,09,11,14,15,17,20,23,25
2550,03,05,07,08,10,14,16,18,19,20,22,23,24,25
2551,01,02,04,07,10,14,15,16,18,19,21,23,24,25
2552,02,05,06,09,12,13,15,16,19,20,21,23,24,25
2553,01,03,04,07,08,10,11,12,15,17,18,21,22,24
2554,01,02,03,06,09,10,15,16,17,18,20,21,23,25
2555,01,03,05,06,08,09,10,11,12,15,18,19,22,25
2556,05,06,07,09,10,11,12,13,14,16,17,20,23,24
2557,02,03,05,07,10,11,12,13,14,17,20,21,23,24
2558,01,04,07,09,10,11,13,14,16,19,21,23,24,25
2559,01,02,05,11,12,13,14,15,17,18,20,21,23,24
2560,01,02,03,05,06,10,11,16,17,18,20,21,22,25
2561,01,04,05,07,11,12,13,15,16,17,21,23,24,25
2562,02,05,06,07,09,10,13,15,17,18,20,21,23,24
2563,04,06,08,09,11,14,15,16,19,20,22,23,24,25
2564,03,04,06,07,09,10,14,15,16,20,21,22,24,25
2565,01,02,03,04,05,09,12,14,15,16,20,21,22,23
2566,01,02,03,04,06,07,09,11,14,15,18,21,23,25
2567,01,02,03,04,07,08,09,10,12,13,16,18,20,22
2568,03,04,05,06,07,09,10,11,13,18,22,23,24,25
2569,01,02,05,07,08,12,15,16,17,19,20,22,24,25
2570,02,03,04,05,07,08,11,12,13,19,20,21,23,24
2571,01,02,06,07,08,09,10,15,17,19,22,23,24,25
2572,01,03,05,12,13,14,15,17,18,19,20,22,23,24
2573,01,02,03,04,05,07,09,10,12,13,19,20,22,24
2574,05,06,09,11,12,13,14,17,19,20,21,22,24,25
2575,02,03,04,05,06,07,08,11,13,14,17,19,23,25
2576,03,04,05,07,08,12,14,15,17,18,19,20,22,24
2577,01,02,04,05,06,07,11,12,13,14,15,17,22,25
2578,01,02,03,04,06,07,09,11,13,14,16,20,22,25
2579,01,03,04,06,09,10,11,13,15,20,21,22,23,24
2580,01,03,04,06,09,10,11,13,14,15,17,21,22,23
2581,01,02,03,04,06,07,09,10,12,14,15,17,20,22
2582,02,05,06,07,09,10,12,14,15,18,19,20,21,22
2583,03,06,07,09,10,12,14,15,17,19,21,22,24,25
2584,01,02,07,08,09,10,12,13,14,15,16,17,19,23
2585,02,05,07,08,09,10,17,18,19,20,21,22,24,25
2586,02,04,05,06,07,08,09,10,15,16,18,21,22,25
2587,02,03,05,07,08,10,11,16,17,18,20,21,23,24
2588,01,02,04,06,09,10,11,12,17,18,19,20,23,24
2589,01,08,09,10,11,12,14,15,16,17,19,20,24,25
2590,02,03,05,06,07,08,09,10,13,16,18,21,22,23
2591,01,03,04,07,08,11,12,14,15,16,17,18,20,22
2592,03,07,09,11,12,15,16,17,19,20,21,23,24,25
2593,02,05,07,08,09,11,12,13,14,15,19,20,22,23
2594,01,04,05,07,08,12,13,14,15,17,18,21,23,25
2595,01,04,05,08,10,11,12,13,18,20,22,23,24,25
2596,01,02,05,06,07,08,10,11,12,16,20,21,22,24
2597,01,02,03,04,05,06,07,08,13,14,17,18,19,23
2598,03,04,05,07,08,10,12,15,16,17,19,22,23,25
2599,01,04,05,06,09,10,12,13,14,15,17,18,21,22
2600,03,05,06,07,08,10,12,13,14,17,18,19,23,24
2601,01,02,05,08,09,10,11,12,17,18,19,21,22,25
2602,01,02,03,04,07,09,12,15,17,19,21,22,23,25
2603,02,04,05,06,07,08,11,12,14,16,18,21,23,24
2604,01,02,04,06,07,08,10,11,12,13,16,21,22,24
2605,01,02,04,06,07,08,10,11,13,14,16,19,21,25
2606,02,03,04,05,06,07,08,09,10,11,12,18,19,24
2607,01,02,03,04,07,08,09,11,14,15,19,20,22,25
2608,01,04,07,08,10,12,13,15,17,18,19,20,21,24
2609,02,03,04,05,06,10,11,12,13,16,17,18,20,21
2610,04,06,07,10,12,13,15,16,19,20,21,23,24,25
2611,01,02,03,06,08,09,12,14,15,16,17,18,23,24
2612,01,03,05,08,11,12,13,16,17,19,21,22,23,25
2613,01,04,05,06,07,08,11,12,13,16,17,19,20,22
2614,01,03,04,05,09,12,13,14,15,17,18,19,20,23
2615,01,04,06,09,12,13,14,16,18,19,20,21,23,25
2616,03,05,08,09,11,12,13,14,15,17,18,21,22,25
2617,03,04,05,09,12,13,15,18,19,20,21,22,23,24
2618,01,05,06,10,11,12,13,14,15,16,18,19,20,25
2619,01,02,03,04,07,08,12,15,18,19,20,23,24,25
2620,01,03,04,05,06,07,08,09,10,16,18,20,22,25
2621,02,04,08,09,10,15,17,18,19,21,22,23,24,25
2622,01,03,04,08,11,14,15,16,18,19,20,23,24,25
2623,01,02,04,06,07,10,11,14,15,19,20,23,24,25
2624,01,02,04,08,09,10,12,14,15,16,20,22,23,25
2625,01,03,06,07,09,11,12,13,14,15,16,18,22,23
2626,01,05,06,07,08,11,14,15,16,17,18,19,24,25
2627,01,03,04,05,06,08,09,12,13,17,18,22,23,25
2628,02,03,05,06,07,08,11,13,14,17,18,20,21,24
2629,01,05,09,10,11,12,13,14,15,17,19,20,22,25
2630,02,03,04,05,06,08,09,10,11,13,16,18,22,24
2631,01,02,03,04,05,08,10,13,14,20,21,23,24,25
2632,02,09,10,13,14,16,17,18,19,20,21,22,23,24
2633,02,04,05,08,10,11,12,13,17,19,21,22,23,24
2634,01,02,03,05,07,10,13,15,18,19,20,21,23,24
2635,01,02,03,04,05,06,08,10,11,13,14,21,23,25
2636,04,05,09,10,11,12,13,14,15,16,18,19,24,25
2637,01,03,05,06,07,08,09,11,12,14,15,18,19,20
2638,01,03,04,05,06,10,11,12,13,16,19,21,23,24
2639,04,05,06,09,11,12,13,15,16,17,18,21,23,25
2640,04,07,08,09,10,11,12,15,16,17,18,21,24,25
2641,02,03,07,09,10,12,14,16,17,19,20,21,24,25
2642,01,04,05,06,08,09,10,12,14,15,17,18,20,22
2643,01,03,05,06,08,09,10,12,13,14,17,21,23,24
2644,02,05,08,09,10,11,13,15,16,18,19,20,23,25
2645,02,03,06,08,12,13,17,18,19,20,21,22,24,25
2646,02,04,06,12,13,14,16,17,18,19,20,21,23,24
2647,01,03,08,10,11,13,14,19,20,21,22,23,24,25
2648,01,04,05,09,10,11,14,16,17,19,20,21,23,24
2649,06,08,09,11,12,13,14,17,18,19,21,22,23,24
2650,02,03,05,07,08,09,12,14,17,18,21,22,23,24
2651,01,02,03,05,07,08,09,10,11,12,13,20,21,24
2652,01,04,05,08,09,10,12,14,15,19,20,22,23,24
2653,02,05,06,08,09,10,11,13,15,16,17,18,19,24
2654,01,02,04,05,07,09,10,11,12,13,16,17,18,25
2655,01,03,05,06,07,08,09,10,12,13,15,16,20,22
2656,01,02,03,04,11,14,15,17,18,20,22,23,24,25
2657,01,02,06,07,08,09,10,11,12,13,16,18,19,21
2658,04,08,09,10,11,12,13,15,17,18,19,22,23,25
2659,01,02,04,06,07,11,12,13,15,16,21,22,23,25
2660,05,07,09,10,13,15,16,17,19,20,21,22,23,24
2661,01,03,04,06,07,10,11,13,14,16,18,19,20,25
2662,01,03,05,06,07,08,10,11,12,16,17,19,20,24
2663,01,02,04,06,09,12,14,16,18,19,21,22,23,24
2664,01,02,03,05,09,10,12,16,18,19,20,21,24,25
2665,01,02,03,04,07,10,11,12,15,17,20,22,23,25
2666,01,02,05,07,08,09,11,12,13,16,19,21,24,25
2667,02,04,06,07,10,11,13,17,18,19,21,22,24,25
2668,01,03,04,05,06,09,10,11,14,17,18,20,21,25
2669,02,04,06,07,08,10,11,12,16,18,20,22,24,25
2670,01,02,03,04,08,11,12,13,16,17,18,21,23,25
2671,01,03,04,05,06,07,11,12,13,14,18,19,20,21
2672,02,05,06,08,10,11,12,13,15,16,18,19,20,22
2673,01,02,04,07,08,10,13,17,19,20,21,22,23,24
2674,02,04,05,06,09,12,13,16,17,19,21,22,23,25
2675,01,03,05,06,12,13,14,15,16,18,19,22,24,25
2676,02,03,07,08,11,12,13,14,15,17,21,22,23,25
2677,02,04,09,11,13,14,15,17,18,19,20,21,23,24
2678,01,04,05,07,09,13,14,16,17,19,21,22,24,25
2679,01,02,04,05,06,07,09,10,12,14,18,20,21,24
2680,01,02,03,06,08,10,12,13,15,16,17,23,24,25
2681,02,04,05,10,11,13,14,15,18,20,22,23,24,25
2682,02,05,07,08,09,10,13,15,16,17,18,23,24,25
2683,01,02,03,05,07,08,09,10,12,16,19,20,22,24
2684,02,06,08,09,10,12,13,14,15,17,18,21,22,23
2685,04,07,08,09,12,14,15,16,17,18,21,22,23,24
2686,02,03,04,05,09,10,11,13,14,15,19,20,21,24
2687,01,02,03,04,05,06,08,09,10,13,16,18,21,25
2688,02,03,04,06,09,11,14,16,17,18,19,23,24,25
2689,01,03,04,07,10,14,15,16,18,19,20,21,22,23
2690,02,04,05,07,08,09,10,12,13,14,15,17,18,21
2691,02,05,07,09,12,13,15,16,17,20,21,22,23,25
2692,01,02,04,06,07,08,09,12,15,16,17,18,23,25
2693,01,02,05,09,12,15,16,17,18,19,20,22,23,24
2694,03,06,07,09,10,11,12,13,16,18,19,21,22,24
2695,01,02,05,09,13,14,15,16,17,18,20,22,23,25
2696,03,05,06,07,08,10,11,12,13,16,19,21,22,24
2697,01,02,03,06,10,11,13,14,15,16,17,19,22,23
2698,02,04,05,08,10,11,12,13,17,18,19,22,23,25
2699,02,03,04,05,07,10,11,14,15,18,19,20,21,23
2700,01,02,03,04,05,06,09,11,13,18,19,22,24,25
2701,01,03,04,06,07,09,12,14,15,17,19,20,22,23
2702,02,03,04,06,07,08,11,12,15,16,20,22,23,24
2703,06,08,09,10,12,13,16,17,18,19,20,22,24,25
2704,03,04,05,07,08,11,12,15,16,19,20,21,22,24
2705,01,02,07,08,11,12,13,19,20,21,22,23,24,25
2706,02,05,07,08,09,10,11,12,13,14,16,19,20,24
2707,01,04,05,06,07,08,10,11,15,18,21,22,23,24
2708,03,05,07,08,09,10,11,12,15,17,18,19,20,25
2709,01,02,06,08,09,10,11,12,15,17,18,19,22,23
2710,02,03,05,07,08,09,10,15,17,19,20,22,23,25
2711,01,03,05,10,11,14,15,16,17,19,20,22,23,24
2712,01,03,05,09,10,11,13,14,15,16,17,19,20,25
2713,01,03,04,05,06,08,09,10,12,14,15,16,18,22
2714,01,03,05,07,08,10,11,12,14,16,17,21,22,24
2715,01,04,05,06,09,10,13,16,17,19,20,22,24,25
2716,01,04,05,06,08,09,10,12,13,14,15,16,17,19
2717,02,03,04,06,07,12,13,14,16,17,20,21,22,25
2718,02,03,04,06,07,08,09,12,13,14,17,21,24,25
2719,01,02,04,05,06,08,11,13,14,19,20,21,24,25
2720,01,02,03,06,09,10,12,13,15,18,19,22,23,25
2721,02,04,05,07,09,10,12,13,15,17,19,21,22,24
2722,03,06,07,08,11,12,13,14,19,20,22,23,24,25
2723,01,02,03,04,06,07,12,14,16,17,18,21,24,25
2724,01,02,04,05,06,07,10,13,14,15,16,19,22,25
2725,01,03,05,06,08,10,11,13,14,17,18,20,22,23
2726,01,04,05,06,08,09,10,11,13,16,18,20,24,25
2727,01,03,04,07,08,09,10,12,16,17,18,19,20,25
2728,03,06,07,09,10,12,13,15,17,18,19,20,22,24
2729,01,02,03,06,09,10,12,13,14,16,19,20,21,25
2730,03,07,11,12,13,14,15,16,17,18,19,22,24,25
2731,01,06,09,10,11,13,14,16,18,19,22,23,24,25
2732,05,06,09,11,14,15,16,17,18,20,21,22,23,24
2733,04,07,08,09,10,11,12,14,15,18,19,20,24,25
2734,02,03,04,07,11,13,14,15,16,20,21,22,23,24
2735,04,07,08,09,10,14,15,16,17,19,20,21,22,23
2736,06,07,08,10,12,13,14,15,16,17,18,19,23,24
2737,01,02,03,04,05,06,09,10,11,14,15,16,19,25
2738,01,02,05,06,07,11,12,13,14,15,16,19,20,25
2739,03,04,06,07,08,09,11,13,14,16,18,19,23,24
2740,01,06,07,08,09,11,14,15,18,19,20,21,24,25
2741,01,02,07,08,10,11,13,16,17,18,20,21,22,25
2742,01,02,03,04,05,06,07,09,11,12,14,17,20,25
2743,01,04,05,10,11,12,14,16,17,18,20,23,24,25
2744,03,04,06,08,11,12,15,18,20,21,22,23,24,25
2745,01,02,03,04,08,09,11,12,16,17,19,22,24,25
2746,01,02,03,05,06,07,10,14,15,17,20,22,24,25
2747,03,04,06,08,09,11,12,13,14,15,18,19,22,25
2748,01,03,07,08,09,12,13,16,17,18,21,22,23,25
2749,04,05,07,08,10,14,15,16,18,20,22,23,24,25
2750,01,04,05,07,10,11,14,15,17,18,19,20,22,25
2751,01,02,06,08,09,10,12,14,15,17,18,23,24,25
2752,01,02,04,05,06,08,09,10,11,14,16,18,20,21
2753,01,04,06,08,09,10,12,13,16,18,20,21,23,25
2754,02,03,05,07,08,10,17,18,19,21,22,23,24,25
2755,02,03,05,06,09,10,11,13,15,16,20,22,23,24
2756,01,04,06,07,08,11,12,15,16,17,21,23,24,25
2757,02,04,05,08,09,10,11,13,15,17,18,19,23,25
2758,01,03,04,05,06,08,09,10,11,12,16,20,21,25
2759,01,02,03,05,09,11,12,13,14,16,19,20,21,24
2760,02,03,04,05,07,13,15,16,17,18,19,20,22,24
2761,01,03,06,08,11,12,13,15,16,19,20,23,24,25
2762,01,02,03,04,06,08,09,14,15,17,19,20,21,23
2763,02,03,05,09,10,11,12,13,14,15,16,17,18,20
2764,02,04,07,10,12,14,16,17,18,19,22,23,24,25
2765,05,08,09,10,12,13,14,15,17,21,22,23,24,25
2766,01,05,07,09,10,11,12,16,17,18,19,22,23,25
2767,02,03,04,05,06,10,14,16,17,18,19,20,22,23
2768,03,04,05,07,08,09,10,11,15,17,22,23,24,25
2769,01,04,06,08,09,10,12,15,16,18,22,23,24,25
2770,02,04,05,06,08,09,11,13,14,15,18,20,21,22
2771,02,03,04,05,08,09,10,11,12,14,20,21,22,23
2772,05,06,07,10,12,13,14,15,16,18,19,22,24,25
2773,01,02,05,07,10,11,12,13,14,16,19,21,23,25
2774,02,03,05,06,07,13,14,18,19,21,22,23,24,25
2775,01,02,03,05,10,11,13,15,16,17,18,20,22,24
2776,01,02,03,09,11,13,14,16,18,20,21,22,23,24
2777,02,03,05,07,09,11,12,13,14,15,17,18,24,25
2778,01,03,04,05,06,08,10,11,12,13,14,15,19,23
2779,03,05,08,09,10,12,13,14,15,18,19,20,22,25
2780,02,03,04,05,09,11,12,15,16,18,19,21,22,23
2781,01,02,05,07,13,14,15,16,17,19,21,22,23,24
2782,01,02,03,04,05,07,08,14,15,16,17,18,22,24
2783,01,03,05,07,08,09,13,14,17,18,19,21,24,25
2784,01,02,03,04,06,07,09,11,13,15,17,18,19,22
2785,01,03,05,06,07,08,09,11,13,15,17,18,21,22
2786,01,04,05,09,10,11,13,14,17,18,19,21,23,24
2787,01,03,06,07,08,09,11,12,14,15,17,19,21,22
2788,02,05,09,10,11,12,13,14,16,17,20,22,24,25
2789,01,03,04,07,08,11,13,14,16,17,19,20,21,23
2790,01,02,07,10,11,12,13,14,15,16,17,19,24,25
2791,01,02,04,05,07,09,11,13,14,17,18,20,22,24
2792,01,03,04,05,06,08,12,13,14,17,18,19,21,25
2793,04,06,08,09,12,14,15,16,17,18,19,20,22,23
2794,03,04,05,06,09,10,11,14,15,16,18,20,21,23
2795,02,03,04,05,06,09,13,14,16,17,20,22,23,24
2796,02,03,05,06,08,10,11,12,16,17,20,21,23,24
2797,01,02,04,05,08,09,10,11,13,15,17,21,23,25
2798,05,06,08,11,14,15,16,17,18,19,20,21,22,23
2799,01,02,03,05,09,11,12,13,14,18,20,22,23,24
2800,01,02,03,04,05,06,07,08,09,12,13,15,17,18
2801,01,03,04,05,06,10,11,15,16,19,20,23,24,25
2802,01,02,04,05,07,10,11,12,15,17,19,23,24,25
2803,03,05,08,10,12,13,14,15,16,18,19,23,24,25
2804,01,02,04,05,06,08,09,10,11,14,15,16,20,25
2805,01,02,03,04,06,07,08,12,13,14,15,20,21,25
2806,01,03,04,05,07,08,09,13,15,18,19,21,22,23
2807,01,02,03,05,09,10,11,12,14,19,20,22,23,25
2808,01,02,03,05,07,10,11,13,14,16,18,20,21,22
2809,01,02,04,07,08,09,10,11,14,15,16,20,24,25
2810,03,06,07,08,09,11,12,14,15,17,18,20,23,25
2811,01,04,05,06,10,12,13,15,17,18,19,20,21,24
2812,02,04,05,06,08,10,11,12,13,16,17,18,19,20
2813,01,03,04,06,07,10,13,14,15,16,17,18,23,25
2814,01,02,03,04,06,08,09,10,12,13,15,21,23,25
2815,03,04,05,06,07,10,16,17,18,20,21,22,23,25
2816,02,03,05,06,13,16,17,18,20,21,22,23,24,25
2817,01,03,05,06,08,09,12,15,16,19,20,22,24,25
2818,01,06,07,09,12,13,14,15,16,17,19,23,24,25
2819,01,02,03,06,07,14,15,16,17,18,21,22,24,25
2820,02,03,05,06,09,11,12,13,14,17,18,20,22,25
2821,01,05,06,07,08,09,11,17,19,20,21,22,24,25
2822,01,02,03,05,08,10,12,14,16,18,21,23,24,25
2823,01,02,04,05,06,11,12,13,14,15,16,17,19,23
2824,01,04,05,06,07,08,12,13,15,17,19,20,21,24
2825,01,02,03,04,05,08,09,10,13,14,15,16,23,25
2826,01,03,05,06,08,10,12,14,15,17,18,21,23,25
2827,02,03,04,07,09,11,12,13,14,20,21,22,24,25
2828,01,03,05,06,08,13,16,17,18,19,20,22,23,25
2829,03,04,05,07,10,11,12,14,15,17,19,20,24,25
2830,01,03,04,05,06,08,10,11,14,17,19,20,21,23
2831,02,03,04,06,07,11,13,15,16,17,18,19,24,25
2832,01,02,03,04,05,07,08,11,16,17,19,20,22,24
2833,01,03,05,06,08,10,13,14,15,16,17,18,20,22
2834,04,05,06,09,10,12,13,15,16,17,19,20,23,24
2835,03,06,07,08,12,13,14,16,18,19,20,21,23,25
2836,02,03,05,06,08,09,11,14,16,17,18,20,24,25
2837,01,03,05,06,09,10,11,12,13,15,16,17,18,23
2838,01,04,05,06,07,09,11,12,13,15,16,17,18,19
2839,01,02,04,10,11,12,15,16,17,19,22,23,24,25
2840,02,05,06,07,08,11,12,13,15,16,18,19,21,25
2841,02,03,04,05,06,07,08,10,15,17,18,19,22,25
2842,04,05,07,09,12,13,15,16,17,18,19,20,21,22
2843,03,04,07,09,10,12,15,16,17,19,22,23,24,25
2844,04,05,07,08,09,10,12,13,14,15,17,20,21,24
2845,01,02,03,04,06,08,09,10,15,19,20,21,24,25
2846,02,05,06,07,10,11,12,13,14,15,16,18,21,23
2847,03,04,05,06,07,09,10,14,17,20,21,23,24,25
2848,01,03,04,06,08,09,12,14,15,16,17,19,24,25
2849,05,06,09,10,13,15,17,18,19,21,22,23,24,25
2850,01,05,06,09,10,12,13,14,18,19,20,23,24,25
2851,04,05,08,09,10,11,12,16,18,19,21,22,23,24
2852,02,05,06,07,09,12,13,15,16,18,19,20,21,22
2853,05,06,07,08,09,10,14,16,18,19,20,21,22,24
2854,01,02,03,04,06,07,09,13,16,18,19,23,24,25
2855,01,02,04,05,06,07,11,12,17,18,19,21,23,24
2856,04,07,08,09,11,12,14,15,16,17,18,22,24,25
2857,01,04,05,08,10,11,13,14,15,17,21,22,23,24
2858,03,04,05,06,09,10,11,12,13,16,17,18,22,23
2859,01,03,05,06,07,08,09,10,18,19,22,23,24,25
2860,03,04,05,08,10,12,16,18,20,21,22,23,24,25
2861,03,04,05,08,09,12,14,15,16,18,20,21,23,24
2862,01,02,03,05,06,07,09,12,13,14,15,19,23,24
2863,02,03,05,06,07,08,10,13,14,15,17,20,21,24
2864,01,02,03,04,10,11,12,14,16,18,21,22,24,25
2865,01,02,04,05,08,12,13,14,16,18,19,22,23,25
2866,03,04,05,07,09,10,12,13,14,16,17,19,21,24
2867,03,04,05,06,07,08,09,10,16,20,21,22,23,24
2868,01,02,05,08,09,12,13,14,15,16,21,23,24,25
2869,01,04,10,12,13,15,16,17,18,21,22,23,24,25
2870,01,02,04,05,07,11,15,16,17,20,21,23,24,25
2871,01,03,04,06,08,09,10,11,16,18,19,20,22,23
2872,01,02,03,05,07,09,11,12,14,15,17,18,20,21
2873,03,06,07,08,11,12,13,15,16,17,18,22,23,24
2874,01,02,03,04,07,11,14,17,18,19,20,21,22,24
2875,02,03,04,05,06,07,11,12,13,15,18,20,21,23
2876,02,03,04,05,08,09,10,11,12,17,18,21,23,24
2877,02,04,07,09,10,11,13,14,15,16,18,19,20,21
2878,04,05,06,12,15,16,17,18,19,20,21,23,24,25
2879,01,02,05,06,08,11,12,13,14,18,19,21,24,25
2880,03,06,07,09,10,11,14,15,17,18,19,22,24,25
2881,05,06,07,08,10,11,13,14,15,16,17,18,19,25
2882,01,02,04,07,08,09,12,13,15,18,19,20,22,23
2883,01,03,05,06,07,08,09,10,14,15,16,19,24,25
2884,02,06,08,09,10,11,13,14,15,17,18,19,20,21
2885,03,04,05,07,08,11,13,14,17,19,21,22,23,24
2886,01,04,05,08,09,11,12,13,15,17,19,20,21,25
2887,02,03,04,05,08,11,12,13,14,17,19,23,24,25
2888,03,05,06,07,09,10,11,12,17,18,20,22,23,24
2889,01,02,03,05,06,11,12,13,14,15,16,19,21,24
2890,01,02,03,05,09,10,13,14,16,18,20,21,24,25
2891,01,03,04,05,06,07,08,11,13,16,19,22,24,25
2892,03,05,09,10,11,12,14,15,18,19,21,22,24,25
2893,01,02,03,05,07,08,09,13,18,19,20,21,22,24
2894,03,04,05,06,07,08,11,13,15,18,19,21,23,25
2895,01,02,03,04,06,07,09,10,11,13,14,17,20,21
2896,01,03,04,05,06,07,12,13,15,16,19,20,22,24
2897,03,04,05,06,09,10,13,16,18,19,22,23,24,25
2898,01,03,06,08,09,10,12,14,15,17,20,21,23,25
2899,03,07,08,10,12,14,16,17,19,20,21,22,24,25
2900,02,03,04,06,07,08,09,10,11,12,17,22,23,25
2901,04,07,09,12,13,14,15,16,17,18,19,21,23,25
2902,03,05,06,10,11,14,17,18,20,21,22,23,24,25
2903,01,03,05,06,08,10,11,12,14,15,16,17,22,25
2904,01,06,07,09,11,12,17,18,19,20,21,22,23,25
2905,03,06,07,13,14,15,16,18,19,20,21,22,23,25
2906,01,04,05,09,12,14,16,17,18,19,20,21,23,24
2907,01,08,09,10,11,12,13,17,19,20,21,22,23,25
2908,02,03,05,06,09,10,12,14,17,18,19,21,22,24
2909,01,03,04,07,08,09,11,12,13,15,16,18,23,25
2910,02,03,04,05,06,09,12,16,17,19,21,22,24,25
2911,02,04,06,07,08,09,10,11,13,14,16,17,19,25
2912,01,02,04,05,07,08,10,12,13,14,17,19,21,24
2913,03,05,06,07,09,10,11,13,14,18,19,21,24,25
2914,03,04,05,07,08,10,12,13,15,18,20,22,24,25
2915,01,03,05,08,09,11,12,13,14,15,16,17,19,24
2916,02,05,06,08,12,13,15,16,18,19,21,22,23,25
2917,03,05,07,08,09,11,17,18,19,20,22,23,24,25
2918,02,03,05,06,07,08,11,12,13,14,16,22,24,25
2919,02,03,04,05,06,08,09,10,11,12,13,14,16,21
2920,01,04,05,06,07,09,11,12,14,16,18,21,23,25
2921,02,05,06,08,10,12,13,14,15,17,18,20,24,25
2922,01,02,03,04,06,07,08,09,15,16,17,18,24,25
2923,01,04,05,06,07,08,12,13,15,16,17,23,24,25
2924,02,03,06,08,09,10,11,12,13,18,19,21,22,23
2925,01,08,09,10,11,14,16,19,20,21,22,23,24,25
2926,01,02,03,04,07,08,09,11,16,17,19,20,24,25
2927,01,02,04,05,10,11,12,13,14,15,16,18,20,23
2928,01,02,03,05,10,11,12,15,16,19,21,22,23,25
2929,01,05,07,08,09,10,12,13,14,15,19,21,22,25
2930,01,02,04,06,07,09,10,13,15,16,18,19,20,21
2931,03,04,06,07,09,10,11,12,19,20,21,23,24,25
2932,02,03,04,05,08,10,15,16,19,20,21,22,23,25
2933,02,03,04,05,06,07,08,09,10,11,13,14,15,17
2934,03,04,05,08,09,10,11,12,14,15,16,21,24,25
2935,01,03,04,06,08,10,12,14,15,16,17,20,23,24
2936,02,04,06,08,09,10,13,14,16,17,20,21,23,24
2937,01,05,06,08,09,10,11,16,19,20,21,22,24,25
2938,02,07,08,09,12,14,15,18,19,20,21,22,23,25
2939,01,02,03,04,08,09,11,12,13,14,16,19,21,22
2940,01,03,04,06,09,10,12,13,14,15,17,22,24,25
2941,01,04,07,09,10,11,13,14,16,19,20,21,24,25
2942,04,05,06,08,09,11,12,17,20,21,22,23,24,25
2943,01,03,04,05,08,09,10,11,12,13,14,15,16,23
2944,01,03,04,05,06,07,08,10,12,13,15,19,22,24
2945,01,03,05,07,08,10,13,15,17,18,20,22,24,25
2946,01,03,04,05,06,07,08,10,13,16,20,21,23,25
2947,01,03,04,07,08,10,11,12,13,15,16,18,21,25
2948,02,04,05,06,08,09,10,13,14,15,16,17,19,20
2949,01,02,05,06,07,09,11,12,14,15,16,17,23,24
2950,02,08,09,10,11,14,15,16,18,19,20,23,24,25
2951,01,06,07,08,09,10,11,13,14,15,16,17,18,23
2952,03,05,07,08,09,10,11,15,16,17,20,23,24,25
2953,01,02,03,06,07,08,11,12,14,15,16,19,22,23
2954,02,04,05,07,08,09,10,11,14,16,17,18,19,23
2955,01,02,03,05,07,08,10,12,13,14,16,19,20,23
2956,01,02,05,06,09,13,14,15,18,19,20,21,22,23
2957,01,03,06,07,08,14,16,17,18,20,21,22,24,25
2958,01,02,05,06,08,09,10,13,16,18,19,20,21,22
2959,05,06,07,08,09,11,12,14,19,21,22,23,24,25
2960,01,02,04,05,06,08,09,13,15,17,19,22,23,25
2961,04,05,07,08,11,13,15,18,19,21,22,23,24,25
2962,03,04,07,09,11,15,16,17,18,19,20,21,23,24
2963,01,03,04,05,06,11,13,16,17,18,20,21,24,25
2964,01,02,04,09,10,12,17,18,19,20,21,22,23,25
2965,02,04,05,06,07,09,10,11,13,18,19,21,23,24
2966,01,02,05,06,11,13,14,15,17,18,20,21,22,24
2967,02,03,05,06,08,09,12,13,14,16,17,21,22,25
2968,03,04,06,07,10,11,12,13,17,18,20,21,22,24
2969,02,03,04,07,08,09,10,12,15,17,20,21,22,24
2970,01,03,04,05,07,08,10,13,14,16,20,21,22,23
2971,03,04,05,07,08,09,12,15,16,18,20,21,24,25
2972,01,02,03,05,07,08,09,11,13,18,21,22,23,25
2973,02,05,06,07,09,11,12,13,14,15,19,21,22,24
2974,01,02,03,06,08,10,11,12,13,14,15,16,23,25
2975,01,03,06,08,10,12,13,14,15,16,18,19,21,25
2976,04,05,07,08,10,12,13,18,19,20,21,23,24,25
2977,01,04,06,09,11,12,13,14,15,16,17,18,23,24
2978,02,03,05,06,07,09,10,16,17,19,20,21,22,24
2979,01,04,05,06,08,09,10,14,15,16,20,21,22,24
2980,03,04,05,07,11,12,15,16,19,20,21,22,24,25
2982,01,03,04,05,08,12,13,14,15,16,21,23,24,25
2983,01,02,03,04,06,07,11,14,15,18,19,20,21,25
2984,01,05,06,08,09,10,11,14,16,18,20,21,22,24
2985,01,02,04,06,07,11,12,13,14,15,16,17,21,23
2986,02,03,04,08,09,10,12,13,14,15,18,20,23,25
2987,01,04,05,06,09,10,13,14,15,16,20,21,22,23
2988,01,02,03,04,06,07,10,11,15,18,20,21,22,23
2989,03,06,09,10,11,13,14,15,18,19,22,23,24,25
2990,01,03,04,06,07,08,10,14,16,17,21,22,24,25
2991,01,03,05,06,07,10,12,13,17,18,20,22,24,25
2992,01,02,05,07,09,10,13,18,19,21,22,23,24,25
2993,02,04,07,08,09,10,11,12,14,15,19,21,23,25
2994,01,02,03,05,07,11,12,13,14,16,17,22,24,25
2995,02,04,05,09,10,16,17,18,19,21,22,23,24,25
2996,02,05,08,09,10,12,13,14,15,16,17,19,22,25
2997,01,02,03,04,05,08,09,10,12,13,17,19,23,24
2998,05,08,09,10,12,14,15,16,17,18,19,20,21,24
2999,02,03,04,06,07,08,09,10,17,20,22,23,24,25
3000,01,02,03,06,07,09,10,13,15,19,21,22,23,24
3001,03,08,09,10,11,14,15,16,17,18,19,21,22,23
3002,01,04,05,07,09,10,12,15,16,17,19,20,21,23
3003,06,07,09,10,11,12,13,15,16,17,19,21,22,24
3004,01,04,06,08,10,11,12,13,15,16,18,20,21,24
3005,01,03,04,05,06,07,08,12,16,18,19,22,24,25
3006,01,04,05,06,09,10,12,16,17,19,20,21,22,23
3007,01,02,03,05,07,08,10,11,12,15,17,18,21,22
3008,01,02,03,04,06,07,09,10,11,13,15,16,20,23
3009,01,03,04,06,08,09,10,12,13,14,18,21,22,24
3010,01,02,04,09,12,13,15,17,18,19,20,21,22,25
3011,01,04,05,09,10,11,13,17,20,21,22,23,24,25
3012,05,06,07,09,10,11,12,14,18,21,22,23,24,25
3013,02,04,06,07,08,10,16,19,20,21,22,23,24,25
3014,03,04,05,07,10,11,12,13,14,16,18,19,22,25
3015,02,04,07,08,10,11,12,13,15,16,20,21,23,25
3016,02,03,04,06,08,09,11,14,16,18,19,21,22,23
3017,03,05,06,07,09,10,12,13,19,20,21,22,24,25
3018,04,07,08,11,12,13,14,16,19,20,21,23,24,25
3019,02,06,07,08,10,11,13,14,15,16,17,18,19,21
3020,01,03,07,09,11,13,14,15,16,17,19,21,22,25
3021,03,05,06,09,12,13,17,18,20,21,22,23,24,25
3022,02,04,05,06,07,08,11,13,15,18,19,22,24,25
3023,01,03,05,08,09,12,13,14,15,17,18,20,21,23
3024,01,04,08,09,10,12,13,14,15,17,20,21,22,25
3025,04,05,06,07,08,13,14,15,17,19,21,22,24,25
3026,01,05,07,08,09,10,13,15,16,19,21,22,23,24
3027,01,02,03,07,09,10,11,12,13,14,15,16,21,24
3028,01,02,04,08,09,12,13,14,16,19,20,22,24,25
3029,01,02,03,05,06,07,08,13,15,17,19,20,22,25
3030,01,02,08,10,11,15,16,17,19,20,21,22,23,24
3031,02,04,07,08,09,10,14,15,16,17,18,20,21,22
3032,01,04,05,06,07,10,12,15,16,19,20,23,24,25
3033,02,04,05,06,07,09,10,11,12,16,19,21,22,23
3034,02,04,05,06,08,09,10,13,14,15,17,20,23,25
3035,01,02,04,05,07,08,10,16,17,19,21,22,23,25
3036,01,03,06,07,09,10,13,16,17,18,20,22,23,25
3037,03,05,06,07,09,11,12,13,16,18,19,20,23,25
3038,02,05,06,08,09,12,14,17,18,19,20,21,24,25
3039,01,02,03,06,08,11,13,16,17,18,19,23,24,25
3040,04,06,07,13,14,15,16,17,18,19,20,22,23,24
3041,01,03,07,08,09,14,15,16,17,18,19,21,23,25
3042,01,02,03,05,06,08,09,10,11,15,19,20,22,23
3043,01,07,11,12,14,15,16,18,19,21,22,23,24,25
3044,02,03,05,06,07,08,09,10,14,16,17,18,21,25
3045,01,02,03,04,06,09,12,13,16,17,18,19,21,23
3046,02,08,10,11,13,14,15,17,18,20,21,22,24,25
3047,01,03,06,08,09,13,14,15,17,18,22,23,24,25
3048,03,04,05,06,08,10,11,15,16,17,18,20,22,25
3049,03,04,07,08,10,12,14,16,17,18,22,23,24,25
3050,01,05,07,08,09,10,11,12,13,15,18,19,21,24
3051,03,04,06,12,14,16,17,18,19,20,21,22,23,24
3052,01,02,03,05,06,08,09,11,12,13,20,22,23,24
3053,01,02,03,07,08,10,12,13,14,15,16,17,20,23
3054,01,04,07,08,09,13,15,16,17,19,21,22,24,25
3055,04,05,06,07,08,09,11,12,14,16,17,18,21,22
3056,02,04,05,06,09,13,14,15,16,20,22,23,24,25
3057,02,04,05,06,07,14,15,16,17,19,20,21,24,25
3058,01,02,03,05,07,08,09,10,12,16,17,19,21,25
3059,01,05,06,07,08,11,14,15,17,19,20,21,23,24
3060,01,04,05,06,07,08,10,12,13,14,19,23,24,25
3061,01,02,03,04,05,06,07,09,10,14,15,17,21,25
3062,02,03,04,06,07,10,13,14,16,17,19,20,21,23
3063,01,02,04,05,07,11,13,14,15,16,17,18,20,25
3064,03,04,06,07,09,12,13,14,15,16,17,18,21,23
3065,02,03,05,07,08,09,12,14,15,18,20,21,22,24
3066,01,03,05,06,08,10,11,13,14,19,21,22,24,25
3067,01,02,05,06,08,11,13,14,16,19,20,22,24,25
3068,01,02,03,07,08,09,10,12,16,20,21,22,24,25
3069,01,02,04,05,06,09,11,12,13,14,17,20,21,24
3070,02,05,06,08,09,10,11,12,13,14,15,20,21,22
3071,01,05,07,08,12,13,14,15,17,20,22,23,24,25
3072,01,04,05,06,08,09,10,11,13,14,15,21,22,25
3073,03,04,05,06,09,10,14,15,16,18,19,20,21,24
3074,03,06,07,10,11,13,14,15,16,17,20,22,23,24
3075,03,05,06,07,08,09,11,12,13,15,16,17,20,22
3076,01,02,04,05,06,07,09,13,15,17,19,22,24,25
3077,01,02,03,04,07,08,09,10,12,14,15,16,17,18
3078,03,04,06,09,10,13,14,15,16,18,19,20,22,24
3079,01,04,05,06,09,10,17,18,19,21,22,23,24,25
3080,01,02,03,06,07,08,09,11,12,13,17,18,19,20
3081,01,03,04,06,08,09,13,14,15,16,17,18,22,25
3082,01,02,03,06,09,11,12,14,15,17,20,22,24,25
3083,04,05,06,07,08,10,11,14,16,18,20,21,23,24
3084,02,03,06,07,08,09,12,14,16,17,18,19,21,23
3085,01,03,05,07,10,11,12,13,14,15,16,17,20,22
3086,02,04,05,06,09,10,11,12,13,16,17,18,20,24
3087,02,04,05,08,09,12,14,15,16,18,19,22,23,25
3088,02,03,04,05,06,12,15,16,17,18,19,21,23,24
3089,03,05,06,09,10,12,14,16,17,18,21,22,23,25
3090,01,04,06,07,08,09,10,13,17,18,19,20,23,25
3091,01,03,04,06,07,08,09,11,12,14,15,18,19,23
3092,01,03,04,05,06,10,11,12,13,17,19,22,24,25
3093,02,04,05,09,10,11,13,15,16,17,19,20,21,24
3094,02,03,04,07,08,09,10,13,18,19,21,23,24,25
3095,03,04,05,06,07,10,12,14,16,17,18,21,24,25
3096,01,03,05,07,08,09,10,11,15,17,18,19,23,25
3097,01,03,04,05,06,10,11,14,18,19,21,23,24,25
3098,01,02,04,05,06,09,11,13,16,17,18,19,22,23
3099,01,02,03,05,06,10,15,16,18,19,20,21,23,25
3100,01,02,04,05,06,07,08,09,12,16,20,22,23,25
3101,01,02,03,06,10,11,12,14,15,16,19,20,21,24
3102,02,03,06,08,09,10,11,12,13,17,21,23,24,25
3103,02,03,07,08,09,10,11,13,16,17,19,20,23,24
3104,03,04,07,08,12,13,15,16,17,19,20,21,23,24
3105,01,04,08,09,10,12,15,17,18,19,20,22,23,25
3106,04,05,06,07,09,11,12,13,15,18,19,21,23,24
3107,01,02,04,06,09,10,11,14,15,16,17,18,19,22
3108,01,02,04,05,08,10,12,13,14,15,17,18,21,22
3109,01,03,04,05,07,09,10,12,13,14,15,22,23,24
3110,03,04,05,06,07,10,12,15,17,18,20,21,24,25
3111,01,02,04,05,07,08,09,10,12,13,16,18,19,20
3112,01,02,03,04,11,12,13,17,19,21,22,23,24,25
3113,01,02,03,08,12,14,15,16,19,20,21,22,23,24
3114,02,03,04,05,06,07,08,13,16,17,18,19,20,23
3115,01,02,03,04,07,08,10,11,12,13,15,21,22,25
3116,02,03,06,08,10,11,13,15,16,18,19,20,22,24
3117,03,04,05,06,07,08,14,15,16,17,20,21,22,23
3118,02,04,05,07,09,10,11,12,13,18,19,21,23,24
3119,01,02,03,04,05,07,08,09,11,15,16,17,22,23
3120,01,04,06,08,09,10,11,12,13,14,18,19,20,24
3121,05,06,07,08,10,13,14,15,17,18,20,21,22,24
3122,01,02,03,04,05,06,09,11,12,15,17,18,20,22
3123,02,03,08,09,10,11,13,14,18,20,21,22,23,25
3124,01,02,03,06,08,10,11,14,15,19,22,23,24,25
3125,01,02,03,05,06,10,11,14,15,16,19,22,23,24
3126,02,05,06,07,08,09,10,11,12,20,21,22,23,24
3127,01,03,06,07,08,11,13,14,15,16,20,21,23,25
3128,01,02,05,07,09,11,12,16,17,19,20,21,22,25
3129,02,03,04,06,09,12,13,14,16,18,19,21,24,25
3130,01,04,05,06,08,09,11,13,16,19,21,22,24,25
3131,01,02,03,05,07,08,09,11,16,18,19,20,24,25
3132,01,02,04,05,06,08,09,11,16,17,18,20,23,24
3133,01,03,04,05,06,08,10,12,14,16,19,20,22,25
3134,02,03,04,05,08,10,11,13,14,16,18,20,21,23
3135,04,05,06,10,12,13,14,15,17,18,19,20,21,22
3136,02,03,05,07,09,10,12,13,17,18,21,22,23,25
3137,01,02,04,05,06,08,09,12,13,15,16,18,20,21
3138,01,06,09,10,12,13,14,16,18,19,21,23,24,25
3139,01,02,03,04,09,12,13,15,17,18,19,21,23,24
3140,01,02,03,06,07,08,11,12,13,16,18,21,22,25
3141,02,04,06,08,09,10,13,14,15,16,17,22,23,24
3142,01,02,06,07,10,12,14,16,17,19,20,21,22,24
3143,01,02,04,06,07,08,11,13,14,16,17,21,23,24
3144,01,02,03,09,11,13,14,17,19,20,21,22,24,25
3145,01,07,08,09,12,13,15,16,17,19,21,22,23,25
3146,03,04,05,06,07,09,11,13,14,17,18,20,23,25
3147,01,03,05,07,10,12,14,15,17,18,20,21,22,25
3148,01,02,03,04,05,07,08,10,15,16,19,22,23,25
3149,02,03,05,06,07,08,10,12,17,19,20,22,23,25
3150,01,02,04,06,08,10,12,13,15,17,19,21,22,23
3151,01,02,03,04,07,08,11,13,15,16,19,20,23,24
3152,01,04,05,06,08,09,10,12,13,18,21,23,24,25
3153,01,02,03,05,07,09,11,14,16,18,19,21,22,25
3154,01,03,04,05,06,07,08,10,14,16,19,20,21,23
3156,01,03,04,05,06,07,08,09,11,17,18,19,21,25
3157,03,04,06,08,10,12,14,16,17,18,19,20,22,23
3158,03,04,07,08,09,10,11,12,15,17,18,19,21,24
3159,03,05,08,09,11,12,13,14,16,17,21,22,24,25
3160,01,02,04,08,10,13,14,15,16,18,21,23,24,25
3161,01,02,04,06,07,08,12,13,15,17,18,22,23,25
3162,02,03,05,06,07,12,14,16,20,21,22,23,24,25
3163,01,03,06,07,08,10,11,14,18,20,21,23,24,25
3164,01,02,03,05,08,09,10,13,15,16,18,20,23,24
3165,01,02,03,05,07,10,11,14,16,17,18,19,21,23
3166,02,03,04,08,09,11,13,15,19,20,21,22,23,25
3167,01,02,03,08,11,12,13,14,16,17,18,21,22,25
3168,01,02,04,07,08,09,10,14,16,17,20,21,24,25
3169,04,05,07,08,09,12,14,15,16,18,20,21,24,25
3170,01,02,05,06,07,09,10,13,17,18,19,21,24,25
3171,01,03,04,05,06,07,10,11,12,15,17,20,21,23
3172,01,02,04,05,09,14,15,16,18,19,22,23,24,25
3173,01,04,06,07,08,09,10,11,12,18,20,22,24,25
3174,01,02,03,05,06,09,12,14,15,16,17,19,20,22
3175,02,05,06,08,09,10,11,12,14,15,18,19,21,24
3176,01,02,04,06,07,08,11,13,14,16,22,23,24,25
3177,02,03,06,10,11,15,16,17,18,20,21,22,23,24
3178,01,04,07,08,09,13,15,16,17,18,19,21,22,23
3179,01,04,05,07,10,12,13,14,15,16,18,19,20,22
3180,01,03,08,09,12,13,16,17,18,19,20,21,23,25
3181,01,02,03,04,05,08,12,15,18,19,20,21,22,24
3182,02,03,04,05,06,11,12,13,14,15,19,21,23,24
3183,01,03,04,06,07,08,09,10,11,13,14,16,20,21
3184,02,03,04,05,10,12,15,17,18,19,20,21,22,25
3185,02,05,06,08,09,10,12,13,16,17,19,23,24,25
3186,02,06,07,08,09,10,11,12,14,18,19,23,24,25
3187,02,04,05,06,08,09,11,13,16,17,19,20,22,25
3188,01,04,05,09,10,11,15,16,17,19,20,22,23,24
3189,01,02,03,07,08,10,14,17,19,20,21,23,24,25
3190,01,02,03,04,05,06,07,08,13,17,18,19,21,23
3191,01,02,03,04,06,07,08,09,17,18,22,23,24,25
3192,01,03,04,05,06,08,10,13,15,16,17,19,20,25
3193,01,04,06,07,09,10,12,14,15,16,17,18,22,24
3194,01,02,03,04,06,09,12,16,19,20,21,22,23,24
3195,01,02,03,05,06,10,12,13,14,15,19,20,22,23
3196,02,05,06,08,10,11,12,13,15,16,19,20,23,25
3197,03,05,06,07,09,10,12,15,17,19,21,22,23,24
3198,04,05,06,07,08,11,12,13,18,19,20,22,24,25
3199,01,04,05,06,08,10,13,14,15,17,18,19,22,25
3200,04,06,07,10,11,14,17,19,20,21,22,23,24,25
3201,01,02,04,06,09,10,12,14,17,18,19,20,22,25
3202,01,02,06,07,08,12,13,14,16,18,19,21,22,25
3203,02,03,04,06,07,08,09,10,11,16,18,20,21,22
3204,01,06,07,08,09,11,12,13,15,16,17,18,23,24
3205,02,04,07,08,12,13,14,15,16,18,19,20,21,22
3206,02,03,05,06,07,09,11,14,16,18,20,21,22,25
3207,01,02,03,05,06,07,08,10,11,12,13,14,23,25
3208,01,02,03,04,08,09,10,11,14,17,21,22,24,25
3209,01,02,04,05,06,08,10,12,13,14,15,18,23,25
3210,02,04,05,06,09,10,11,12,13,19,20,22,23,25
3211,03,04,06,08,12,13,14,15,17,18,19,22,23,24
3212,01,02,04,05,07,08,10,14,16,17,18,19,24,25
3213,02,04,05,06,09,12,13,14,15,16,17,18,21,25
3214,02,03,04,06,07,09,12,13,14,15,16,17,21,24
3215,03,04,05,06,07,09,10,13,14,16,17,22,23,24
3216,01,03,04,06,07,08,10,13,14,15,17,19,22,24
3217,01,03,06,07,08,11,14,15,16,17,18,20,23,24
3218,02,03,05,08,10,11,12,13,16,17,18,20,21,22
3219,01,03,04,05,06,11,13,14,15,16,19,20,21,22
3220,01,02,08,10,11,12,15,16,18,19,21,23,24,25
3221,03,04,08,10,12,13,14,15,16,17,21,23,24,25
3222,01,03,05,06,08,09,10,11,16,17,18,20,21,25
3223,01,04,05,06,08,10,11,12,14,15,18,22,23,25
3224,03,04,07,08,10,11,12,14,15,16,21,23,24,25
3225,05,06,07,08,09,10,11,12,13,14,18,21,23,25
3226,04,05,06,10,11,13,15,16,17,18,21,22,24,25
3227,01,08,09,11,12,14,16,18,19,20,21,23,24,25
3228,01,02,03,06,11,13,15,16,17,19,20,21,23,25
3229,01,03,05,06,07,09,10,11,13,17,20,23,24,25
3230,01,02,04,05,06,07,08,11,14,16,21,22,24,25
3231,01,02,03,04,07,09,10,12,14,15,16,19,20,24
3232,01,05,06,07,09,10,12,13,14,16,17,18,21,24
3233,02,04,06,08,09,10,11,15,17,18,20,23,24,25
3234,01,02,03,06,07,08,09,10,13,15,16,19,22,25
3235,01,02,03,04,06,07,08,12,13,14,17,19,20,25
3236,02,04,05,07,08,10,12,14,15,17,18,22,23,24
3237,01,03,05,06,07,08,10,12,13,15,16,20,23,25
3238,01,02,05,06,13,14,16,18,19,20,22,23,24,25
3239,02,03,04,08,09,10,12,13,17,18,19,20,22,24
3240,01,02,03,04,09,11,12,13,16,17,18,20,24,25
3241,03,05,06,07,09,11,14,15,16,20,21,22,23,24
3242,01,03,05,07,08,10,14,15,18,19,20,21,22,23
3243,01,02,06,08,10,11,12,14,16,17,18,23,24,25
3244,03,05,06,07,09,11,14,15,16,17,20,23,24,25
3245,01,03,05,06,07,08,09,10,15,17,20,21,22,25
3246,01,03,04,06,07,09,16,17,18,20,21,22,23,24
3247,01,03,04,06,07,08,09,10,13,14,20,22,23,25
3248,03,06,07,08,09,11,15,16,17,18,20,22,23,25
3249,02,05,08,10,11,12,14,17,19,20,21,23,24,25
3250,01,02,04,05,08,12,13,15,17,19,20,21,24,25
3251,02,03,04,06,07,08,09,10,18,19,20,21,24,25
3252,01,03,05,08,09,11,13,15,16,20,21,22,23,24
3253,02,05,06,09,10,11,12,13,15,17,18,19,20,22
3254,02,03,06,07,09,13,14,15,16,17,18,20,21,24
3255,01,05,07,08,11,12,13,14,16,17,19,22,23,25
3256,02,04,06,08,09,12,13,14,15,16,20,22,23,25
3257,03,09,10,11,12,13,14,15,17,18,19,22,23,24
3258,02,03,07,08,09,10,11,13,15,16,18,19,20,23
3259,01,03,05,07,09,10,12,13,14,18,20,22,23,24
3260,01,02,03,04,06,09,10,12,13,14,17,20,24,25
3261,01,02,03,06,07,10,11,12,13,14,16,18,22,24
3262,03,04,06,07,10,11,12,13,17,18,19,20,24,25
3263,01,08,10,12,13,14,15,16,17,18,20,22,23,25
3264,03,06,09,10,12,13,15,16,17,18,21,22,23,25
