sorteo;n1;n2;n3;n4;n5;n6;comodin;Columna1;;;;;;;
4239;3;4;7;9;15;29;13;;;;;;;;
4240;3;10;23;24;27;34;14;;;;;;;;
4241;5;17;20;26;27;30;6;;;;;;;;
4242;20;24;27;32;34;38;15;;;;;;;;
4243;1;8;9;14;22;40;4;;;;;;;;
4244;9;12;19;20;31;39;4;;;;;;;;
4245;4;7;11;32;38;40;15;;;;;;;;
4246;6;10;16;21;26;37;11;;;;;;;;
4247;9;13;16;23;24;31;17;;;;;;;;
4248;9;20;30;32;34;36;26;;;;;;;;
4249;6;19;25;28;34;36;11;;;;;;;;
4250;1;2;7;8;12;35;19;;;;;;;;
4251;2;8;10;18;20;33;4;;;;;;;;
4252;4;22;23;24;29;37;11;;;;;;;;
4253;10;16;24;26;28;34;14;;;;;;;;
4254;2;7;10;18;21;34;33;;;;;;;;
4255;1;12;18;29;31;41;37;;;;;;;;
4256;2;8;24;27;32;34;15;;;;;;;;
4257;5;11;24;27;36;38;21;;;;;;;;
4258;3;6;8;26;34;35;15;;;;;;;;
4259;1;6;22;24;30;36;28;;;;;;;;
4260;7;18;26;30;31;41;3;;;;;;;;
4261;11;15;16;23;24;33;27;;;;;;;;
4262;2;5;9;12;21;35;39;;;;;;;;
4263;5;8;10;25;28;40;33;;;;;;;;
4264;5;13;15;20;35;40;24;;;;;;;;
4265;18;20;23;26;30;34;11;;;;;;;;
4266;1;7;10;16;18;32;17;;;;;;;;
4267;3;5;13;17;21;32;23;;;;;;;;
4268;9;27;28;33;37;40;24;;;;;;;;
4269;3;7;8;18;29;33;5;;;;;;;;
4270;9;13;15;19;26;30;2;;;;;;;;
4271;3;6;12;15;18;41;22;;;;;;;;
4272;6;8;22;25;37;41;13;;;;;;;;
4273;1;5;9;22;30;32;24;;;;;;;;
4274;9;13;21;33;38;40;25;;;;;;;;
4275;7;9;13;16;36;37;12;;;;;;;;
4276;6;12;15;24;25;26;8;;;;;;;;
4277;7;30;31;37;38;41;4;;;;;;;;
4278;16;26;28;32;35;39;2;;;;;;;;
4279;7;13;25;26;33;37;36;;;;;;;;
4280;4;9;16;17;22;27;35;;;;;;;;
4281;3;8;13;29;36;41;40;;;;;;;;
4282;2;4;11;17;26;41;19;;;;;;;;
4283;7;10;14;15;30;37;27;;;;;;;;
4284;3;11;12;14;40;41;20;;;;;;;;
4285;2;3;10;12;28;38;19;;;;;;;;
4286;9;16;18;20;24;27;7;;;;;;;;
4287;4;9;10;14;27;29;35;;;;;;;;
4288;2;26;31;34;35;39;11;;;;;;;;
4289;2;15;22;27;35;39;6;;;;;;;;
4290;14;19;25;26;37;39;3;;;;;;;;
4291;6;7;17;25;28;30;9;;;;;;;;
4292;15;19;21;34;35;39;29;;;;;;;;
4293;7;11;15;34;37;40;12;;;;;;;;
4294;11;17;29;34;36;39;26;;;;;;;;
4295;5;6;7;15;32;34;41;;;;;;;;
4296;19;21;26;27;35;37;6;;;;;;;;
4297;2;3;6;9;22;34;18;;;;;;;;
4298;8;12;15;21;26;41;6;;;;;;;;
4299;6;12;29;36;37;41;27;;;;;;;;
4300;9;14;21;22;33;41;20;;;;;;;;
4301;5;10;17;19;38;41;13;;;;;;;;
4302;6;7;19;37;38;40;11;;;;;;;;
4303;9;10;11;12;17;21;26;;;;;;;;
4304;9;16;20;29;32;37;12;;;;;;;;
4305;3;5;8;9;13;41;29;;;;;;;;
4306;5;6;24;28;30;31;35;;;;;;;;
4307;10;23;27;28;33;38;4;;;;;;;;
4308;8;9;20;21;29;41;18;;;;;;;;
4309;5;13;27;28;30;41;18;;;;;;;;
4310;6;25;29;35;37;38;10;;;;;;;;
4311;8;15;23;31;39;40;37;;;;;;;;
4312;4;7;18;19;25;37;10;;;;;;;;
4313;4;11;12;13;31;41;25;;;;;;;;
4314;10;16;21;22;38;41;19;;;;;;;;
4315;6;9;13;18;19;26;1;;;;;;;;
4316;5;15;24;26;31;39;32;;;;;;;;
4317;3;11;13;15;34;38;2;;;;;;;;
4318;5;8;18;33;34;37;10;;;;;;;;
4319;16;19;30;31;39;40;3;;;;;;;;
4320;1;3;5;7;31;32;13;;;;;;;;
4321;16;19;22;31;35;41;12;;;;;;;;
4322;1;2;11;18;22;39;29;;;;;;;;
4323;7;25;29;31;36;40;20;;;;;;;;
4324;3;8;13;21;28;30;2;;;;;;;;
4325;5;8;18;22;33;36;17;;;;;;;;
4326;11;15;17;20;25;26;41;;;;;;;;
4327;10;11;21;27;29;40;34;;;;;;;;
4328;2;12;13;18;28;31;20;;;;;;;;
4329;4;14;18;22;37;41;39;;;;;;;;
4330;1;12;18;26;33;34;8;;;;;;;;
4331;4;8;16;19;22;30;17;;;;;;;;
4332;14;24;26;30;32;40;8;;;;;;;;
4333;22;26;27;28;29;38;8;;;;;;;;
4334;5;6;9;16;30;35;15;;;;;;;;
4335;7;11;17;18;39;40;36;;;;;;;;
4336;1;15;21;34;35;37;27;;;;;;;;
4337;20;25;27;30;32;40;39;;;;;;;;
4338;1;6;12;18;29;36;10;;;;;;;;
4339;4;7;9;16;18;39;17;;;;;;;;
4340;1;9;18;20;30;36;11;;;;;;;;
4341;1;2;6;22;28;29;18;;;;;;;;
4342;3;5;11;24;25;35;10;;;;;;;;
4343;2;19;23;28;29;34;31;;;;;;;;
4344;2;9;11;15;16;20;25;;;;;;;;
4345;5;17;25;27;30;41;34;;;;;;;;
4346;1;14;22;24;26;39;35;;;;;;;;
4347;4;22;28;29;30;38;18;;;;;;;;
4348;6;7;12;22;38;40;17;;;;;;;;
4349;5;8;9;26;28;35;23;;;;;;;;
4350;2;11;12;14;15;19;17;;;;;;;;
4351;2;9;15;17;32;39;35;;;;;;;;
4352;13;14;15;16;29;36;2;;;;;;;;
4353;14;23;27;32;39;40;20;;;;;;;;
4354;4;7;15;22;25;35;16;;;;;;;;
4355;2;12;28;30;31;37;27;;;;;;;;
4356;5;8;13;14;31;32;9;;;;;;;;
4357;10;20;28;29;31;34;3;;;;;;;;
4358;17;19;21;24;30;38;7;;;;;;;;
4359;10;16;20;27;32;33;35;;;;;;;;
4360;2;5;9;19;23;27;38;;;;;;;;
4361;2;4;16;26;27;31;37;;;;;;;;
4362;8;15;19;22;29;37;13;;;;;;;;
4363;7;14;17;18;29;31;13;;;;;;;;
4364;11;13;19;35;37;39;41;;;;;;;;
4365;15;19;20;22;34;37;2;;;;;;;;
4366;9;13;24;31;36;41;5;;;;;;;;
4367;2;3;12;20;21;32;31;;;;;;;;
4368;15;20;22;24;29;35;9;;;;;;;;
4369;1;6;17;23;26;33;29;;;;;;;;
4370;3;16;17;18;22;23;7;;;;;;;;
4371;1;10;14;22;25;38;30;;;;;;;;
4372;14;23;27;28;36;41;34;;;;;;;;
4373;2;11;28;29;35;38;27;;;;;;;;
4374;3;16;25;28;33;37;15;;;;;;;;
4375;1;3;14;28;38;39;25;;;;;;;;
4376;2;4;11;20;26;37;24;;;;;;;;
4377;2;14;20;27;28;35;10;;;;;;;;
4378;3;7;8;30;31;41;18;;;;;;;;
4379;17;30;31;32;35;39;23;;;;;;;;
4380;1;2;7;18;20;30;40;;;;;;;;
4381;6;16;24;38;39;40;21;;;;;;;;
4382;3;6;7;20;25;37;2;;;;;;;;
4383;21;22;26;29;34;39;20;;;;;;;;
4384;3;12;17;21;32;35;23;;;;;;;;
4385;2;9;10;14;29;35;8;;;;;;;;
4386;11;13;21;29;31;38;23;;;;;;;;
4387;6;8;15;17;26;36;32;;;;;;;;
4388;3;5;18;24;29;30;22;;;;;;;;
4389;4;10;19;29;35;40;1;;;;;;;;
4390;5;6;16;20;29;40;30;;;;;;;;
4391;2;4;6;23;25;35;33;;;;;;;;
4392;2;5;14;16;27;34;37;;;;;;;;
4393;12;13;20;26;28;36;10;;;;;;;;
4394;4;6;10;15;20;40;31;;;;;;;;
4395;11;16;21;25;27;30;33;;;;;;;;
4396;7;11;13;18;26;34;35;;;;;;;;
4397;6;10;12;19;21;37;13;;;;;;;;
4398;6;17;28;30;34;41;29;;;;;;;;
4399;1;10;13;27;28;32;3;;;;;;;;
4400;3;10;21;31;34;38;28;;;;;;;;
4401;2;10;16;22;29;35;6;;;;;;;;
4402;14;21;23;37;38;40;18;;;;;;;;
4403;1;13;19;20;21;37;24;;;;;;;;
4405;10;18;22;25;26;28;20;;;;;;;;
4406;4;26;28;31;34;41;19;;;;;;;;
4407;5;7;10;16;24;34;37;;;;;;;;
4408;15;18;28;33;35;41;21;;;;;;;;
4409;9;20;21;22;30;34;3;;;;;;;;
4410;2;8;19;29;32;40;3;;;;;;;;
4411;1;9;11;13;23;30;12;;;;;;;;
4412;1;13;17;19;27;38;30;;;;;;;;
4413;9;11;21;25;35;37;34;;;;;;;;
4414;3;6;18;22;31;33;41;;;;;;;;
4415;2;3;8;13;20;30;19;;;;;;;;
4416;6;7;18;32;34;37;30;;;;;;;;
4417;2;9;20;22;31;41;15;;;;;;;;
4418;2;6;9;12;23;38;15;;;;;;;;
4419;2;3;23;27;34;35;33;;;;;;;;
4420;1;15;18;23;34;37;19;;;;;;;;
4421;21;24;31;32;37;39;41;;;;;;;;
4422;7;9;14;19;35;40;17;;;;;;;;
4423;10;13;20;33;39;41;18;;;;;;;;
4424;4;15;23;25;28;32;11;;;;;;;;
4425;3;17;18;24;38;39;20;;;;;;;;
4426;1;2;4;17;36;41;26;;;;;;;;
4427;8;13;21;25;30;41;17;;;;;;;;
4428;14;18;19;22;26;31;41;;;;;;;;
4429;7;24;26;29;36;40;28;;;;;;;;
4430;12;14;18;19;25;33;23;;;;;;;;
4431;2;5;27;33;35;38;34;;;;;;;;
4432;4;7;11;13;17;41;28;;;;;;;;
4433;6;8;14;23;33;39;3;;;;;;;;
4434;6;15;25;27;32;33;34;;;;;;;;
4435;6;11;18;23;24;41;10;;;;;;;;
4436;16;17;18;19;32;37;29;;;;;;;;
4437;5;13;17;26;27;32;24;;;;;;;;
4438;6;16;22;23;26;29;3;;;;;;;;
4439;2;3;4;15;23;38;34;;;;;;;;
4440;4;8;11;21;36;40;26;;;;;;;;
4441;3;10;20;32;33;38;16;;;;;;;;
4442;18;23;24;30;35;36;11;;;;;;;;
4443;14;22;28;31;36;39;12;;;;;;;;
4444;16;20;22;24;31;35;18;;;;;;;;
4445;1;18;21;23;31;39;12;;;;;;;;
4446;4;8;24;26;34;36;38;;;;;;;;
4447;4;18;19;20;32;41;7;;;;;;;;
4448;3;16;21;28;34;36;18;;;;;;;;
4449;5;20;23;33;35;39;36;;;;;;;;
4450;2;12;19;24;27;38;20;;;;;;;;
4451;5;8;18;22;29;31;32;;;;;;;;
4452;5;9;17;20;33;37;38;;;;;;;;
4453;13;24;29;34;36;37;31;;;;;;;;
4454;12;25;31;34;38;41;1;;;;;;;;
4455;5;11;17;18;22;24;25;;;;;;;;
4456;5;11;15;22;29;40;41;;;;;;;;
4457;17;18;20;27;28;29;1;;;;;;;;
4458;4;8;11;17;19;23;32;;;;;;;;
4459;2;7;15;16;29;31;10;;;;;;;;
4460;5;15;21;31;34;38;3;;;;;;;;
4461;7;17;26;28;34;36;2;;;;;;;;
4462;2;11;14;22;33;40;37;;;;;;;;
4463;10;11;15;23;31;36;6;;;;;;;;
4464;4;9;13;16;25;39;20;;;;;;;;
4465;4;10;23;27;28;33;40;;;;;;;;
4466;2;11;22;24;25;27;19;;;;;;;;
4467;15;22;23;34;39;41;4;;;;;;;;
4468;8;17;21;26;29;38;1;;;;;;;;
4469;5;13;20;29;30;39;15;;;;;;;;
4470;2;5;23;30;32;38;28;;;;;;;;
4471;3;8;16;31;33;35;22;;;;;;;;
4472;8;10;14;17;25;32;18;;;;;;;;
4473;7;14;27;32;40;41;20;;;;;;;;
4474;6;8;9;23;30;40;27;;;;;;;;
4475;1;20;23;25;30;31;33;;;;;;;;
4476;1;2;4;12;17;34;28;;;;;;;;
4477;8;29;32;36;37;40;25;;;;;;;;
4478;1;14;19;21;25;37;30;;;;;;;;
4479;8;16;18;29;32;35;7;;;;;;;;
4480;12;16;19;20;21;25;13;;;;;;;;
4481;5;16;22;28;36;39;23;;;;;;;;
4482;6;12;29;35;39;40;11;;;;;;;;
4483;11;15;23;27;34;36;29;;;;;;;;
4484;3;6;9;13;14;32;23;;;;;;;;
4485;11;13;20;21;26;29;8;;;;;;;;
4486;1;8;23;26;32;37;40;;;;;;;;
4487;6;7;17;26;29;32;10;;;;;;;;
4488;6;8;12;22;27;30;41;;;;;;;;
4489;11;14;19;20;30;37;12;;;;;;;;
4490;1;23;28;29;33;38;14;;;;;;;;
4491;1;3;7;11;26;35;22;;;;;;;;
4492;12;16;20;26;34;40;41;;;;;;;;
4493;3;11;12;20;25;31;27;;;;;;;;
4494;9;12;17;19;26;40;3;;;;;;;;
4495;14;17;18;21;28;34;32;;;;;;;;
4496;8;10;16;24;31;34;40;;;;;;;;
4497;11;23;32;36;40;41;22;;;;;;;;
4498;7;12;22;24;25;26;41;;;;;;;;
4499;12;13;14;17;21;25;38;;;;;;;;
4500;15;21;22;23;25;36;19;;;;;;;;
4501;2;4;7;21;26;32;37;;;;;;;;
4502;1;8;17;31;33;39;11;;;;;;;;
4503;13;25;27;30;32;41;37;;;;;;;;
4504;3;7;24;26;27;38;15;;;;;;;;
4505;1;18;24;26;30;32;9;;;;;;;;
4506;11;13;32;35;37;38;1;;;;;;;;
4507;3;25;26;28;35;41;11;;;;;;;;
4508;8;10;27;28;38;41;25;;;;;;;;
4509;13;14;15;32;38;40;21;;;;;;;;
4510;8;10;11;14;15;20;6;;;;;;;;
4511;1;5;11;32;33;34;20;;;;;;;;
4512;2;9;17;32;37;39;40;;;;;;;;
4513;17;22;33;35;36;41;18;;;;;;;;
4514;4;8;10;30;34;40;18;;;;;;;;
4515;1;4;26;28;38;40;24;;;;;;;;
4516;3;12;19;23;26;35;16;;;;;;;;
4517;11;13;22;23;29;34;31;;;;;;;;
4518;8;15;21;29;33;39;24;;;;;;;;
4519;1;10;11;14;35;38;18;;;;;;;;
4520;2;4;6;22;23;27;33;;;;;;;;
4521;3;9;21;35;36;39;1;;;;;;;;
4522;2;8;10;21;28;38;5;;;;;;;;
4523;6;7;11;18;26;40;39;;;;;;;;
4524;10;13;14;16;25;32;35;;;;;;;;
4525;7;11;12;29;31;38;23;;;;;;;;
4526;5;21;22;26;33;37;36;;;;;;;;
4527;2;14;17;20;26;39;13;;;;;;;;
4528;10;13;16;32;33;40;24;;;;;;;;
4529;15;19;25;30;38;40;13;;;;;;;;
4530;4;9;13;15;33;40;7;;;;;;;;
4531;5;11;13;23;30;33;10;;;;;;;;
4532;10;18;28;33;35;36;12;;;;;;;;
4533;9;11;12;22;40;41;1;;;;;;;;
4534;9;11;21;25;26;38;19;;;;;;;;
4535;1;3;11;24;31;36;39;;;;;;;;
4536;2;3;18;24;32;40;14;;;;;;;;
4537;2;23;28;33;40;41;17;;;;;;;;
4538;2;5;6;20;25;31;32;;;;;;;;
4539;5;7;15;21;26;41;22;;;;;;;;
4540;5;10;24;25;29;33;26;;;;;;;;
4541;10;18;23;26;31;37;36;;;;;;;;
4542;1;4;5;10;18;24;17;;;;;;;;
4543;2;6;21;25;27;37;40;;;;;;;;
4544;4;5;16;26;29;37;2;;;;;;;;
4545;12;16;29;30;35;38;15;;;;;;;;
4546;2;5;11;13;24;33;36;;;;;;;;
4547;5;7;28;29;34;38;1;;;;;;;;
4548;11;14;17;29;33;40;19;;;;;;;;
4549;6;15;16;33;34;37;18;;;;;;;;
4550;4;11;14;20;29;32;23;;;;;;;;
4551;1;15;19;23;28;29;2;;;;;;;;
4552;10;11;16;28;34;36;12;;;;;;;;
4553;1;4;20;24;33;35;14;;;;;;;;
4554;4;6;9;21;27;31;19;;;;;;;;
4555;5;9;16;17;20;24;12;;;;;;;;
4556;13;18;26;36;37;39;3;;;;;;;;
4557;15;17;18;25;27;35;34;;;;;;;;
4558;4;11;14;18;23;33;36;;;;;;;;
4559;4;17;19;22;27;38;25;;;;;;;;
4560;2;26;27;36;37;39;17;;;;;;;;
4561;8;20;33;35;38;40;26;;;;;;;;
4562;24;25;29;30;40;41;2;;;;;;;;
4563;5;16;32;34;40;41;20;;;;;;;;
4564;9;14;15;19;27;41;21;;;;;;;;
4565;2;29;31;33;36;41;6;;;;;;;;
4566;5;18;19;27;37;39;26;;;;;;;;
4567;9;20;28;37;38;39;30;;;;;;;;
4568;2;13;20;24;25;36;28;;;;;;;;
4569;8;9;11;14;29;39;3;;;;;;;;
4570;10;16;17;24;28;32;4;;;;;;;;
4571;8;32;37;39;40;41;29;;;;;;;;
4572;1;2;13;14;31;36;25;;;;;;;;
4573;8;11;17;23;27;37;30;;;;;;;;
4574;5;6;9;15;22;29;23;;;;;;;;
4575;13;15;16;17;33;38;31;;;;;;;;
4576;2;7;12;35;37;39;14;;;;;;;;
4577;5;7;14;32;36;40;2;;;;;;;;
4578;4;7;9;21;29;34;41;;;;;;;;
4579;12;14;27;30;39;40;7;;;;;;;;
4580;3;7;12;20;33;37;14;;;;;;;;
4581;9;11;12;13;22;36;40;;;;;;;;
4582;6;11;13;20;21;30;19;;;;;;;;
4583;2;3;12;13;22;27;36;;;;;;;;
4584;1;2;8;24;29;40;34;;;;;;;;
4585;12;18;27;34;35;41;22;;;;;;;;
4586;1;22;35;36;37;40;5;;;;;;;;
4587;4;8;15;16;31;41;29;;;;;;;;
4588;5;15;19;32;36;37;18;;;;;;;;
4589;4;15;16;33;35;37;30;;;;;;;;
4590;3;10;19;23;36;41;26;;;;;;;;
4591;12;14;24;30;31;32;40;;;;;;;;
4592;7;10;11;17;18;32;33;;;;;;;;
4593;9;13;14;17;24;38;32;;;;;;;;
4594;7;11;14;26;27;30;21;;;;;;;;
4595;8;12;14;20;30;39;3;;;;;;;;
4596;4;10;11;14;28;41;27;;;;;;;;
4597;20;22;29;35;36;37;41;;;;;;;;
4598;12;15;29;31;33;34;18;;;;;;;;
4599;2;3;12;14;22;37;6;;;;;;;;
4600;15;19;24;30;34;39;21;;;;;;;;
4601;2;11;23;30;37;40;39;;;;;;;;
4602;13;19;26;27;37;41;18;;;;;;;;
4603;2;3;6;7;29;36;22;;;;;;;;
4604;15;17;21;26;30;36;18;;;;;;;;
4605;5;11;13;19;26;32;8;;;;;;;;
4606;3;5;6;12;14;19;16;;;;;;;;
4607;3;13;19;33;34;36;26;;;;;;;;
4608;5;8;11;14;20;23;26;;;;;;;;
4609;1;2;19;28;36;37;24;;;;;;;;
4610;1;7;14;20;26;38;34;;;;;;;;
4611;19;22;24;31;38;41;8;;;;;;;;
4612;4;18;27;28;30;33;15;;;;;;;;
4613;2;8;21;32;35;39;27;;;;;;;;
4614;1;10;22;31;38;41;28;;;;;;;;
4615;5;6;11;20;30;37;38;;;;;;;;
4616;14;18;24;29;35;37;2;;;;;;;;
4617;4;9;11;22;25;39;20;;;;;;;;
4618;15;18;21;23;24;36;28;;;;;;;;
4619;13;30;32;34;36;41;1;;;;;;;;
4620;8;12;19;22;26;37;41;;;;;;;;
4621;11;16;24;32;36;39;41;;;;;;;;
4622;2;5;8;11;17;25;36;;;;;;;;
4623;12;16;20;21;22;35;32;;;;;;;;
4624;8;12;16;24;25;37;41;;;;;;;;
4625;2;8;23;24;30;34;28;;;;;;;;
4626;3;8;17;20;25;32;26;;;;;;;;
4627;11;12;13;16;33;39;40;;;;;;;;
4628;1;9;31;33;37;41;40;;;;;;;;
4629;7;10;12;17;21;27;41;;;;;;;;
4630;19;21;25;27;37;40;12;;;;;;;;
4631;6;8;16;29;31;34;5;;;;;;;;
4632;3;19;20;28;36;41;9;;;;;;;;
4633;11;17;22;23;32;39;3;;;;;;;;
4634;6;9;15;31;33;39;10;;;;;;;;
4635;24;25;30;38;40;41;2;;;;;;;;
4636;5;10;24;26;31;37;22;;;;;;;;
4637;4;10;18;26;31;38;20;;;;;;;;
4638;2;11;20;21;23;36;37;;;;;;;;
4639;12;18;26;33;37;40;27;;;;;;;;
4640;10;17;22;27;32;36;9;;;;;;;;
4641;1;6;13;23;30;37;32;;;;;;;;
4642;5;6;21;31;37;41;33;;;;;;;;
4643;3;9;19;22;37;38;16;;;;;;;;
4644;6;11;12;13;19;21;30;;;;;;;;
4645;6;14;17;18;34;38;36;;;;;;;;
4646;21;22;23;33;34;37;18;;;;;;;;
4647;13;22;26;33;37;39;40;;;;;;;;
4648;8;18;20;21;22;31;4;;;;;;;;
4649;1;10;13;17;24;39;23;;;;;;;;
4650;5;10;13;33;36;38;37;;;;;;;;
4651;4;18;26;33;34;37;5;;;;;;;;
4652;12;13;14;17;31;32;6;;;;;;;;
4653;12;18;19;28;36;39;40;;;;;;;;
4654;2;12;15;21;27;39;11;;;;;;;;
4655;8;14;19;34;37;41;10;;;;;;;;
4656;4;12;21;24;35;36;15;;;;;;;;
4657;10;15;23;34;35;38;36;;;;;;;;
4658;1;20;32;34;37;41;2;;;;;;;;
4659;4;16;20;24;36;37;41;;;;;;;;
4660;3;21;22;26;28;29;37;;;;;;;;
4661;4;7;9;24;27;33;31;;;;;;;;
4662;10;13;26;34;35;39;3;;;;;;;;
4663;7;9;16;24;27;36;31;;;;;;;;
4664;6;8;10;11;19;35;15;;;;;;;;
4665;16;17;18;24;33;40;20;;;;;;;;
4666;7;10;13;21;22;41;8;;;;;;;;
4667;9;13;19;27;29;32;23;;;;;;;;
4668;5;7;18;27;38;39;4;;;;;;;;
4669;3;15;19;21;27;41;33;;;;;;;;
4670;12;14;18;29;31;38;1;;;;;;;;
4671;15;20;25;28;33;37;24;;;;;;;;
4672;2;4;18;23;33;36;32;;;;;;;;
4673;7;12;19;20;34;35;37;;;;;;;;
4674;1;9;10;19;28;38;18;;;;;;;;
4675;5;7;9;17;29;31;38;;;;;;;;
4676;4;6;18;22;26;35;28;;;;;;;;
4677;3;17;27;30;36;37;21;;;;;;;;
4678;3;14;22;37;38;39;25;;;;;;;;
4679;7;11;20;26;27;37;34;;;;;;;;
4680;4;32;33;34;38;41;11;;;;;;;;
4681;1;11;19;26;30;34;14;;;;;;;;
4682;5;7;9;15;18;40;19;;;;;;;;
4683;8;19;24;36;39;40;41;;;;;;;;
4684;17;22;26;35;37;38;36;;;;;;;;
4685;5;13;14;25;26;35;21;;;;;;;;
4686;1;2;4;7;19;30;8;;;;;;;;
4687;16;21;24;30;35;38;17;;;;;;;;
4688;2;15;16;23;28;32;24;;;;;;;;
4689;8;14;20;23;29;35;40;;;;;;;;
4690;6;33;35;38;39;40;36;;;;;;;;
4691;12;21;26;37;38;39;9;;;;;;;;
4692;6;26;27;29;32;35;16;;;;;;;;
4693;1;15;18;20;25;38;10;;;;;;;;
4694;10;14;16;22;35;41;6;;;;;;;;
4695;17;18;25;27;32;38;23;;;;;;;;
4696;8;11;17;19;24;32;3;;;;;;;;
4697;1;6;7;13;32;34;18;;;;;;;;
4698;3;21;22;35;38;39;9;;;;;;;;
4699;6;7;9;14;23;30;15;;;;;;;;
4700;10;11;18;20;29;33;2;;;;;;;;
4701;7;8;12;30;31;40;34;;;;;;;;
4702;5;17;23;25;26;39;8;;;;;;;;
4703;7;11;14;21;33;38;28;;;;;;;;
4704;4;6;18;20;29;33;32;;;;;;;;
4705;8;12;14;21;24;34;35;;;;;;;;
4706;14;24;30;31;39;41;26;;;;;;;;
4707;4;5;17;25;32;36;14;;;;;;;;
4708;1;4;12;15;19;27;33;;;;;;;;
4709;4;15;20;31;35;36;29;;;;;;;;
4710;9;12;20;25;29;33;2;;;;;;;;
4711;1;2;4;5;10;16;19;;;;;;;;
4712;2;9;11;15;18;38;32;;;;;;;;
4713;4;6;14;29;39;41;8;;;;;;;;
4714;9;10;16;26;31;38;3;;;;;;;;
4715;3;18;19;21;29;37;23;;;;;;;;
4716;8;16;17;24;33;38;29;;;;;;;;
4717;1;6;16;33;37;38;19;;;;;;;;
4718;2;10;22;27;38;41;36;;;;;;;;
4719;15;19;27;30;36;41;8;;;;;;;;
4720;16;19;23;26;40;41;30;;;;;;;;
4721;13;14;23;28;31;34;9;;;;;;;;
4722;15;18;29;30;32;33;16;;;;;;;;
4723;1;6;29;31;35;37;7;;;;;;;;
4724;2;10;16;27;36;39;14;;;;;;;;
4725;3;8;9;20;21;39;34;;;;;;;;
4726;2;13;26;27;37;41;18;;;;;;;;
4727;3;4;19;24;26;31;38;;;;;;;;
4728;11;27;31;33;37;41;7;;;;;;;;
4729;1;6;15;18;19;41;24;;;;;;;;
4730;4;5;7;10;20;39;12;;;;;;;;
4731;1;5;16;27;36;37;15;;;;;;;;
4732;1;3;8;10;35;38;26;;;;;;;;
4733;12;14;17;19;31;38;39;;;;;;;;
4734;5;14;15;26;28;38;1;;;;;;;;
4735;7;10;20;30;35;37;4;;;;;;;;
4736;3;11;12;16;20;38;9;;;;;;;;
4737;2;14;23;38;40;41;10;;;;;;;;
4738;3;7;16;21;30;41;20;;;;;;;;
4739;5;10;11;22;23;35;1;;;;;;;;
4740;1;8;17;24;25;36;22;;;;;;;;
4741;5;24;26;28;39;41;10;;;;;;;;
4742;8;16;22;32;34;36;14;;;;;;;;
4743;3;8;9;15;16;37;40;;;;;;;;
4744;4;6;19;24;28;35;41;;;;;;;;
4745;5;14;15;17;19;22;24;;;;;;;;
4746;8;21;22;25;31;32;5;;;;;;;;
4747;5;15;17;23;27;39;2;;;;;;;;
4748;3;4;13;17;36;39;5;;;;;;;;
4749;10;15;20;26;28;33;12;;;;;;;;
4750;9;11;15;16;24;33;17;;;;;;;;
4751;2;14;15;27;34;40;1;;;;;;;;
4752;9;11;13;24;27;38;31;;;;;;;;
4753;6;11;12;26;35;41;34;;;;;;;;
4754;12;25;31;32;38;39;6;;;;;;;;
4755;12;16;22;30;35;37;41;;;;;;;;
4756;8;10;29;30;31;38;1;;;;;;;;
4757;4;23;24;30;33;41;9;;;;;;;;
4758;17;18;19;31;35;38;9;;;;;;;;
4759;7;11;12;28;33;35;13;;;;;;;;
4760;1;5;15;26;31;40;16;;;;;;;;
4761;1;12;17;22;37;39;2;;;;;;;;
4762;1;22;23;25;29;32;10;;;;;;;;
4763;7;12;23;32;39;41;40;;;;;;;;
4764;5;10;19;20;28;40;36;;;;;;;;
4765;6;7;12;14;25;31;22;;;;;;;;
4766;2;12;27;28;30;40;4;;;;;;;;
4767;5;8;14;15;22;41;37;;;;;;;;
4768;3;6;7;10;31;38;16;;;;;;;;
4769;1;6;29;30;37;41;32;;;;;;;;
4770;3;12;14;20;23;31;7;;;;;;;;
4771;4;10;12;21;30;36;17;;;;;;;;
4772;2;12;13;16;36;37;41;;;;;;;;
4773;11;15;21;25;35;36;9;;;;;;;;
4774;15;20;23;25;31;36;11;;;;;;;;
4775;2;3;19;35;38;41;36;;;;;;;;
4776;6;11;13;15;26;37;33;;;;;;;;
4777;9;10;18;21;22;27;11;;;;;;;;
4778;5;13;24;36;37;41;26;;;;;;;;
4779;2;5;6;7;21;40;4;;;;;;;;
4780;12;14;15;19;20;29;39;;;;;;;;
4781;1;4;11;12;23;31;33;;;;;;;;
4782;5;15;27;30;35;39;8;;;;;;;;
4783;3;14;23;28;29;41;16;;;;;;;;
4784;7;9;13;14;29;31;6;;;;;;;;
4785;5;12;25;37;38;41;20;;;;;;;;
4786;2;3;21;24;32;41;20;;;;;;;;
4787;8;23;31;33;35;39;11;;;;;;;;
4788;10;14;20;22;24;35;21;;;;;;;;
4789;4;12;20;29;35;39;40;;;;;;;;
4790;5;14;17;18;29;37;21;;;;;;;;
4791;2;12;14;20;36;38;9;;;;;;;;
4792;1;9;11;24;30;31;17;;;;;;;;
4793;6;18;21;22;29;32;28;;;;;;;;
4794;16;17;20;26;27;36;28;;;;;;;;
4795;1;4;8;25;33;41;9;;;;;;;;
4796;3;17;26;28;29;40;16;;;;;;;;
4797;3;13;19;20;30;36;38;;;;;;;;
4798;7;13;15;21;22;40;3;;;;;;;;
4799;13;14;15;21;23;39;28;;;;;;;;
4800;3;5;15;25;31;32;40;;;;;;;;
4801;9;16;21;22;26;41;15;;;;;;;;
4802;2;15;19;23;25;37;1;;;;;;;;
4803;4;7;18;21;37;41;3;;;;;;;;
4804;15;16;17;26;36;40;14;;;;;;;;
4805;13;15;25;30;39;40;3;;;;;;;;
4806;4;14;19;23;29;30;17;;;;;;;;
4807;17;20;22;25;27;28;23;;;;;;;;
4808;2;15;24;25;32;40;12;;;;;;;;
4809;4;11;28;33;38;41;7;;;;;;;;
4810;16;18;21;29;32;37;8;;;;;;;;
4811;7;8;17;21;31;33;38;;;;;;;;
4812;8;11;15;31;34;40;41;;;;;;;;
4813;5;14;22;29;32;35;17;;;;;;;;
4814;3;5;15;22;31;39;14;;;;;;;;
4815;1;8;10;19;37;40;30;;;;;;;;
4816;27;29;30;31;32;36;13;;;;;;;;
4817;7;10;15;23;29;35;13;;;;;;;;
4818;4;6;21;22;27;39;37;;;;;;;;
4819;3;15;21;25;28;33;23;;;;;;;;
4820;1;9;19;28;39;41;24;;;;;;;;
4821;1;8;20;30;36;40;3;;;;;;;;
4822;6;27;32;37;38;39;40;;;;;;;;
4823;7;16;21;22;37;41;30;;;;;;;;
4824;4;7;17;32;38;40;1;;;;;;;;
4825;2;14;16;20;26;34;8;;;;;;;;
4826;6;8;12;17;27;35;28;;;;;;;;
4827;6;8;11;14;19;31;1;;;;;;;;
4828;2;19;29;33;34;41;20;;;;;;;;
4829;2;4;10;15;31;38;5;;;;;;;;
4830;1;10;15;20;24;36;23;;;;;;;;
4831;1;10;17;25;28;39;34;;;;;;;;
4832;6;9;13;15;16;22;19;;;;;;;;
4833;1;7;8;9;13;16;23;;;;;;;;
4834;1;2;4;17;19;36;7;;;;;;;;
4835;2;15;19;30;38;40;28;;;;;;;;
4836;1;4;8;11;15;31;20;;;;;;;;
4837;4;7;9;31;33;40;6;;;;;;;;
4838;2;7;12;34;35;41;10;;;;;;;;
4839;5;9;10;17;26;38;27;;;;;;;;
4840;6;8;26;33;34;37;23;;;;;;;;
4841;12;16;19;22;25;37;38;;;;;;;;
4842;5;6;11;13;15;28;40;;;;;;;;
4843;10;12;14;15;34;39;38;;;;;;;;
4844;1;10;14;25;33;40;3;;;;;;;;
4845;3;13;17;34;38;41;4;;;;;;;;
4846;12;18;23;29;36;40;37;;;;;;;;
4847;19;29;30;38;39;41;34;;;;;;;;
4848;7;8;21;23;27;31;5;;;;;;;;
4849;21;23;30;34;38;40;7;;;;;;;;
4850;12;17;26;30;34;41;3;;;;;;;;
4851;5;11;16;33;34;35;9;;;;;;;;
4852;2;5;9;19;23;24;8;;;;;;;;
4853;3;11;16;20;21;40;7;;;;;;;;
4854;2;13;14;24;33;36;21;;;;;;;;
4855;1;3;4;8;13;36;14;;;;;;;;
4856;6;10;28;34;37;41;23;;;;;;;;
4857;9;13;23;25;27;40;4;;;;;;;;
4858;11;15;19;20;31;38;8;;;;;;;;
4859;2;13;19;21;33;34;5;;;;;;;;
4860;10;24;28;32;33;39;13;;;;;;;;
4861;1;2;11;23;29;36;5;;;;;;;;
4862;1;10;13;22;37;39;27;;;;;;;;
4863;1;16;17;25;29;35;2;;;;;;;;
4864;1;2;3;20;35;40;11;;;;;;;;
4865;1;15;16;21;27;33;28;;;;;;;;
4866;8;21;22;30;33;38;12;;;;;;;;
4867;5;14;19;20;22;37;28;;;;;;;;
4868;3;17;29;30;31;35;25;;;;;;;;
4869;1;13;21;23;29;41;33;;;;;;;;
4870;3;5;9;29;34;37;32;;;;;;;;
4871;8;9;11;17;22;39;6;;;;;;;;
4872;5;16;28;30;31;38;29;;;;;;;;
4873;5;12;21;25;29;36;23;;;;;;;;
4874;2;9;14;15;29;36;8;;;;;;;;
4875;3;6;11;17;31;36;34;;;;;;;;
4876;4;12;19;21;22;36;7;;;;;;;;
4877;1;14;15;26;28;35;18;;;;;;;;
4878;3;12;24;35;36;37;2;;;;;;;;
4879;4;12;23;25;29;37;26;;;;;;;;
4880;2;17;22;23;29;31;10;;;;;;;;
4881;2;20;22;30;38;41;32;;;;;;;;
4882;3;18;31;37;38;40;24;;;;;;;;
4883;5;6;24;29;33;34;17;;;;;;;;
4884;7;8;14;24;29;40;16;;;;;;;;
4885;2;5;7;11;18;37;14;;;;;;;;
4886;12;16;31;35;37;40;32;;;;;;;;
4887;12;20;23;31;32;33;9;;;;;;;;
4888;2;10;14;20;29;38;13;;;;;;;;
4889;2;20;24;26;30;34;14;;;;;;;;
4890;12;28;32;34;38;41;26;;;;;;;;
4891;14;16;21;24;32;38;3;;;;;;;;
4892;2;3;4;5;11;40;22;;;;;;;;
4893;13;18;20;26;30;39;19;;;;;;;;
4894;8;19;25;34;39;41;33;;;;;;;;
4895;19;22;24;25;26;39;28;;;;;;;;
4896;7;20;21;22;38;40;27;;;;;;;;
4897;1;9;21;24;34;36;15;;;;;;;;
4898;13;16;28;31;36;37;30;;;;;;;;
4899;1;12;26;29;37;41;14;;;;;;;;
4900;6;13;16;19;32;41;1;;;;;;;;
4901;4;19;21;26;27;29;34;;;;;;;;
4902;4;15;23;27;33;36;20;;;;;;;;
4903;19;20;23;26;28;40;31;;;;;;;;
4904;1;12;15;27;39;41;40;;;;;;;;
4905;26;29;33;38;40;41;35;;;;;;;;
4906;2;12;14;19;27;37;1;;;;;;;;
4907;2;9;12;21;26;40;24;;;;;;;;
4908;4;15;22;36;39;40;17;;;;;;;;
4909;1;6;8;9;12;25;3;;;;;;;;
4910;10;11;13;27;35;38;32;;;;;;;;
4911;1;13;20;35;37;39;23;;;;;;;;
4912;8;9;30;31;35;41;20;;;;;;;;
4913;2;7;17;24;37;40;6;;;;;;;;
4914;7;22;33;35;36;41;39;;;;;;;;
4915;5;7;15;31;35;40;36;;;;;;;;
4916;2;8;23;29;31;34;22;;;;;;;;
4917;8;10;22;26;36;37;4;;;;;;;;
4918;9;13;22;23;31;36;5;;;;;;;;
4919;15;18;21;25;30;32;19;;;;;;;;
4920;6;7;20;30;36;41;38;;;;;;;;
4921;3;9;11;28;34;36;15;;;;;;;;
4922;2;3;6;17;31;40;19;;;;;;;;
4923;5;10;12;26;27;39;30;;;;;;;;
4924;10;18;26;27;30;39;28;;;;;;;;
4925;3;10;23;24;32;37;35;;;;;;;;
4926;16;22;26;27;33;39;38;;;;;;;;
4927;3;4;19;24;30;32;10;;;;;;;;
4928;2;7;11;25;27;35;26;;;;;;;;
4929;8;13;20;21;26;35;30;;;;;;;;
4930;4;6;7;12;24;35;2;;;;;;;;
4931;2;25;28;33;39;41;16;;;;;;;;
4932;1;7;16;21;37;38;22;;;;;;;;
4933;3;12;26;31;34;36;13;;;;;;;;
4934;11;12;17;22;39;40;28;;;;;;;;
4935;2;9;11;15;18;20;34;;;;;;;;
4936;2;13;15;16;25;27;6;;;;;;;;
4937;7;15;21;27;30;38;1;;;;;;;;
4938;14;19;20;21;24;41;39;;;;;;;;
4939;2;12;28;29;30;33;21;;;;;;;;
4940;1;2;11;25;30;35;17;;;;;;;;
4941;1;4;5;10;21;28;34;;;;;;;;
4942;4;11;15;19;26;35;5;;;;;;;;
4943;5;7;18;23;24;27;1;;;;;;;;
4944;2;7;10;14;34;40;5;;;;;;;;
4945;1;2;12;13;32;33;29;;;;;;;;
4946;5;6;12;20;23;33;13;;;;;;;;
4947;1;12;18;25;27;34;13;;;;;;;;
4948;6;11;22;26;36;41;3;;;;;;;;
4949;9;19;26;28;29;36;33;;;;;;;;
4950;2;12;16;17;24;41;21;;;;;;;;
4951;13;14;19;27;38;40;20;;;;;;;;
4952;4;7;16;20;23;34;29;;;;;;;;
4953;3;11;16;19;31;32;14;;;;;;;;
4954;7;10;15;17;28;37;23;;;;;;;;
4955;18;19;23;33;39;40;41;;;;;;;;
4956;6;7;18;19;21;23;8;;;;;;;;
4957;1;4;7;15;24;34;21;;;;;;;;
4958;5;7;13;23;33;40;36;;;;;;;;
4959;2;6;10;12;16;31;26;;;;;;;;
4960;10;13;21;25;29;37;1;;;;;;;;
4961;5;16;17;22;27;33;41;;;;;;;;
4962;1;11;14;15;29;30;23;;;;;;;;
4963;10;20;24;26;34;38;3;;;;;;;;
4964;18;22;27;32;34;35;2;;;;;;;;
4965;4;8;13;22;28;33;41;;;;;;;;
4966;4;5;11;18;20;23;37;;;;;;;;
4967;4;7;30;34;39;41;40;;;;;;;;
4968;5;14;18;22;24;29;33;;;;;;;;
4969;1;15;16;23;38;39;28;;;;;;;;
4970;11;19;22;23;28;29;14;;;;;;;;
4971;8;17;24;30;37;38;33;;;;;;;;
4972;24;29;30;31;34;41;14;;;;;;;;
4973;19;20;21;27;30;39;26;;;;;;;;
4974;1;7;10;17;35;39;26;;;;;;;;
4975;6;11;13;15;16;30;2;;;;;;;;
4976;5;10;12;15;29;39;31;;;;;;;;
4977;5;10;21;28;32;33;23;;;;;;;;
4978;7;9;12;29;40;41;26;;;;;;;;
4979;2;3;9;14;19;39;26;;;;;;;;
4980;5;9;12;13;15;36;3;;;;;;;;
4981;3;5;9;13;18;27;39;;;;;;;;
4982;6;9;13;14;22;23;24;;;;;;;;
4983;1;12;19;30;35;41;14;;;;;;;;
4984;1;15;16;23;26;33;4;;;;;;;;
4985;6;13;19;25;26;36;2;;;;;;;;
4986;4;12;13;18;33;40;10;;;;;;;;
4987;3;5;7;17;25;36;14;;;;;;;;
4988;2;7;8;31;37;40;20;;;;;;;;
4989;11;18;23;25;28;36;15;;;;;;;;
4990;2;3;12;28;32;34;18;;;;;;;;
4991;2;6;18;27;29;38;3;;;;;;;;
4992;15;18;21;24;31;35;23;;;;;;;;
4993;18;21;24;25;30;34;15;;;;;;;;
4994;3;9;23;27;29;32;13;;;;;;;;
4995;4;9;10;16;18;24;31;;;;;;;;
4996;6;8;10;13;19;33;7;;;;;;;;
4997;1;3;13;15;22;41;10;;;;;;;;
4998;10;12;21;27;37;40;9;;;;;;;;
4999;13;16;17;24;26;40;23;;;;;;;;
5000;3;12;14;24;32;36;40;;;;;;;;
5001;1;7;23;31;38;41;36;;;;;;;;
5002;4;8;17;29;30;36;22;;;;;;;;
5003;7;14;15;17;22;24;29;;;;;;;;
5004;1;3;6;14;24;38;40;;;;;;;;
5005;8;10;31;33;34;41;1;;;;;;;;
5006;9;11;22;23;31;38;29;;;;;;;;
5007;2;12;22;31;34;38;6;;;;;;;;
5008;2;10;12;13;24;26;21;;;;;;;;
5009;7;21;25;32;35;37;24;;;;;;;;
5010;2;8;20;27;38;39;31;;;;;;;;
5011;3;4;13;19;28;30;15;;;;;;;;
5012;9;12;22;25;30;32;29;;;;;;;;
5013;17;24;31;34;36;38;19;;;;;;;;
5014;2;3;7;10;30;38;31;;;;;;;;
5015;15;16;22;29;31;37;2;;;;;;;;
5016;11;14;15;29;33;35;10;;;;;;;;
5017;7;17;22;24;31;33;9;;;;;;;;
5018;6;17;26;27;35;40;9;;;;;;;;
5019;6;15;19;21;30;33;20;;;;;;;;
5020;15;17;23;25;30;35;19;;;;;;;;
5021;4;8;9;19;25;28;36;;;;;;;;
5022;3;6;8;26;31;38;28;;;;;;;;
5023;9;12;18;19;29;37;33;;;;;;;;
5024;7;19;26;27;33;35;17;;;;;;;;
5025;6;7;10;28;37;39;23;;;;;;;;
5026;7;13;16;23;29;32;9;;;;;;;;
5027;5;6;16;18;27;40;1;;;;;;;;
5028;1;13;14;17;30;37;3;;;;;;;;
5029;1;6;25;32;37;40;33;;;;;;;;
5030;1;3;19;32;37;41;12;;;;;;;;
5031;2;5;7;9;11;25;1;;;;;;;;
5032;4;9;15;18;21;40;12;;;;;;;;
5033;8;10;14;21;28;33;31;;;;;;;;
5034;1;4;5;8;27;41;40;;;;;;;;
5035;2;3;13;27;36;41;24;;;;;;;;
5036;4;5;6;13;22;23;7;;;;;;;;
5037;15;18;20;34;37;41;32;;;;;;;;
5038;4;9;27;29;32;33;24;;;;;;;;
5039;1;3;14;31;36;40;24;;;;;;;;
5040;8;15;18;27;31;35;19;;;;;;;;
5041;5;7;13;27;29;38;35;;;;;;;;
5042;4;8;16;19;25;28;35;;;;;;;;
5043;2;10;23;25;28;33;17;;;;;;;;
5044;3;11;20;28;34;40;7;;;;;;;;
5045;3;9;14;15;28;30;23;;;;;;;;
5046;1;5;17;18;29;31;14;;;;;;;;
5047;1;3;10;11;17;22;38;;;;;;;;
5048;2;5;11;22;28;38;16;;;;;;;;
5049;5;7;11;33;38;41;14;;;;;;;;
5050;1;13;18;19;32;38;40;;;;;;;;
5051;1;2;4;5;27;30;28;;;;;;;;
5052;7;21;28;33;36;41;38;;;;;;;;
5053;5;9;13;16;22;32;7;;;;;;;;
5054;2;13;33;38;39;41;24;;;;;;;;
5055;2;16;20;32;35;38;41;;;;;;;;
5056;1;7;10;16;34;41;26;;;;;;;;
5057;3;20;25;27;29;41;11;;;;;;;;
5058;13;20;27;28;35;41;16;;;;;;;;
5059;9;27;28;31;37;38;15;;;;;;;;
5060;17;23;25;26;27;29;37;;;;;;;;
5061;12;15;21;30;37;41;4;;;;;;;;
5062;2;7;19;24;35;38;10;;;;;;;;
5063;1;21;26;27;33;39;25;;;;;;;;
5064;5;21;25;29;36;37;9;;;;;;;;
5065;10;13;22;28;32;35;26;;;;;;;;
5066;8;11;28;31;38;39;4;;;;;;;;
5067;1;11;19;25;31;40;4;;;;;;;;
5068;2;11;14;19;29;36;3;;;;;;;;
5069;3;5;7;11;22;30;23;;;;;;;;
5070;4;6;10;18;34;37;20;;;;;;;;
5071;4;5;7;10;29;34;38;;;;;;;;
5072;2;11;17;23;35;37;39;;;;;;;;
5073;1;4;9;10;25;26;34;;;;;;;;
5074;8;11;20;31;36;37;1;;;;;;;;
5075;6;16;17;23;26;30;21;;;;;;;;
5076;4;11;19;26;28;35;29;;;;;;;;
5077;16;23;27;31;34;35;9;;;;;;;;
5078;7;13;15;22;26;39;23;;;;;;;;
5079;15;20;27;34;40;41;22;;;;;;;;
5080;3;14;32;37;40;41;5;;;;;;;;
5081;6;9;10;13;25;33;30;;;;;;;;
5082;10;13;22;25;30;37;34;;;;;;;;
5083;3;4;12;17;20;30;40;;;;;;;;
5084;2;4;6;21;32;36;26;;;;;;;;
5085;1;12;21;25;33;35;13;;;;;;;;
5086;2;3;13;18;21;35;28;;;;;;;;
5087;9;12;13;29;31;32;24;;;;;;;;
5088;2;18;20;26;39;40;41;;;;;;;;
5089;2;11;24;26;28;38;27;;;;;;;;
5090;8;9;13;23;32;34;18;;;;;;;;
5091;6;24;25;32;33;34;19;;;;;;;;
5092;2;3;11;21;24;28;16;;;;;;;;
5093;8;19;21;31;40;41;3;;;;;;;;
5094;9;14;19;26;32;37;3;;;;;;;;
5095;4;19;25;28;31;32;7;;;;;;;;
5096;5;21;23;28;39;41;20;;;;;;;;
5097;11;16;25;28;34;40;9;;;;;;;;
5098;7;12;16;17;24;25;36;;;;;;;;
5099;2;3;5;14;17;25;21;;;;;;;;
5100;1;2;12;22;29;31;40;;;;;;;;
5101;3;10;11;16;26;32;23;;;;;;;;
5102;1;17;24;28;33;35;20;;;;;;;;
5103;1;3;16;23;29;32;21;;;;;;;;
5104;7;8;10;21;23;26;37;;;;;;;;
5105;6;14;18;22;30;40;13;;;;;;;;
5106;4;8;9;10;15;33;34;;;;;;;;
5107;1;5;20;33;35;39;4;;;;;;;;
5108;2;4;19;23;29;39;34;;;;;;;;
5109;2;13;23;24;33;39;8;;;;;;;;
5110;7;23;24;36;38;39;27;;;;;;;;
5111;7;21;23;24;34;37;18;;;;;;;;
5112;4;5;13;20;33;34;6;;;;;;;;
5113;5;20;21;25;28;35;30;;;;;;;;
5114;5;6;23;30;33;35;3;;;;;;;;
5115;7;10;15;20;26;33;27;;;;;;;;
5116;7;8;11;14;16;19;36;;;;;;;;
5117;1;5;14;31;35;36;6;;;;;;;;
5118;13;16;18;22;24;39;41;;;;;;;;
5119;1;3;25;29;32;39;23;;;;;;;;
5120;3;8;9;27;35;40;28;;;;;;;;
5121;2;10;26;28;29;40;19;;;;;;;;
5122;6;15;16;19;32;41;35;;;;;;;;
5123;5;9;10;11;25;37;24;;;;;;;;
5124;9;10;28;29;36;39;18;;;;;;;;
5125;2;7;10;25;29;30;37;;;;;;;;
5126;3;5;17;25;28;40;21;;;;;;;;
5127;1;21;23;26;38;40;15;;;;;;;;
5128;11;16;27;30;33;38;17;;;;;;;;
5129;4;10;21;27;33;35;16;;;;;;;;
5130;1;4;14;16;24;33;38;;;;;;;;
5131;3;4;21;23;32;35;5;;;;;;;;
5132;15;18;23;25;35;37;11;;;;;;;;
5133;23;26;28;30;33;40;25;;;;;;;;
5134;2;13;14;18;24;36;35;;;;;;;;
5135;3;9;25;26;34;41;13;;;;;;;;
5136;2;9;12;23;29;36;28;;;;;;;;
5137;5;9;11;22;30;35;28;;;;;;;;
5138;11;16;22;23;33;38;20;;;;;;;;
5139;13;26;31;33;34;36;22;;;;;;;;
5140;18;21;23;29;37;41;38;;;;;;;;
5141;10;16;17;23;31;40;13;;;;;;;;
5142;1;15;22;28;39;40;27;;;;;;;;
5143;2;7;12;28;37;39;30;;;;;;;;
5144;2;13;14;24;27;32;4;;;;;;;;
5145;7;9;10;12;23;24;29;;;;;;;;
5146;4;17;24;28;29;34;25;;;;;;;;
5147;4;5;21;24;30;31;33;;;;;;;;
5148;4;8;19;24;29;40;2;;;;;;;;
5149;10;17;26;28;31;34;20;;;;;;;;
5150;6;22;23;26;27;35;38;;;;;;;;
5151;7;22;25;34;39;40;3;;;;;;;;
5152;3;4;5;7;21;38;11;;;;;;;;
5153;5;14;16;19;30;40;33;;;;;;;;
5154;5;20;21;27;37;40;35;;;;;;;;
5155;13;20;21;22;35;38;14;;;;;;;;
5156;7;25;32;33;38;41;30;;;;;;;;
5157;7;23;32;34;39;40;36;;;;;;;;
5158;4;17;22;23;29;38;16;;;;;;;;
5159;5;8;12;14;34;36;40;;;;;;;;
5160;6;15;18;20;22;38;13;;;;;;;;
5161;1;5;14;28;33;36;8;;;;;;;;
5162;4;17;25;29;32;33;22;;;;;;;;
5163;6;14;18;19;33;34;11;;;;;;;;
5164;11;20;21;22;31;33;19;;;;;;;;
5165;1;3;10;27;36;39;34;;;;;;;;
5166;6;11;13;15;16;23;29;;;;;;;;
5167;2;3;17;18;24;33;36;;;;;;;;
5168;7;17;22;31;34;38;36;;;;;;;;
5169;11;17;24;27;38;40;21;;;;;;;;
5170;8;9;18;26;33;40;41;;;;;;;;
5171;3;11;27;34;37;38;6;;;;;;;;
5172;11;15;18;26;28;39;8;;;;;;;;
5173;7;15;18;29;35;36;12;;;;;;;;
5174;3;11;13;17;21;25;4;;;;;;;;
5175;2;11;12;21;29;41;14;;;;;;;;
5176;2;7;11;12;22;23;10;;;;;;;;
5177;3;7;12;32;37;39;17;;;;;;;;
5178;3;5;7;11;12;27;19;;;;;;;;
5179;12;15;20;22;26;35;33;;;;;;;;
5180;13;17;20;32;35;40;24;;;;;;;;
5181;8;11;12;20;25;31;37;;;;;;;;
5182;1;11;27;30;33;34;4;;;;;;;;
5183;1;2;5;11;30;32;17;;;;;;;;
5184;6;16;31;32;33;41;20;;;;;;;;
5185;10;13;19;26;28;32;37;;;;;;;;
5186;2;10;21;28;31;39;22;;;;;;;;
5187;2;11;21;26;28;31;3;;;;;;;;
5188;7;15;17;31;32;33;37;;;;;;;;
5189;5;13;18;25;28;41;4;;;;;;;;
5190;1;2;3;9;23;35;5;;;;;;;;
5191;8;20;29;30;33;40;1;;;;;;;;
5192;2;4;12;17;23;32;16;;;;;;;;
5193;14;17;26;28;40;41;31;;;;;;;;
5194;6;9;16;22;25;32;10;;;;;;;;
5195;3;6;7;16;23;33;21;;;;;;;;
5196;1;7;11;21;26;28;16;;;;;;;;
5197;11;22;24;31;34;38;6;;;;;;;;
5198;4;6;17;22;34;41;13;;;;;;;;
5199;4;7;9;18;22;37;1;;;;;;;;
5200;11;16;27;31;36;37;5;;;;;;;;
5201;7;10;25;26;28;37;21;;;;;;;;
5202;3;11;14;22;23;39;24;;;;;;;;
5203;1;5;6;27;38;39;15;;;;;;;;
5204;17;19;23;27;28;39;16;;;;;;;;
5205;1;18;33;35;38;41;20;;;;;;;;
5206;9;10;12;17;26;28;31;;;;;;;;
5207;3;10;15;23;27;29;2;;;;;;;;
5208;7;16;23;31;39;41;30;;;;;;;;
5209;3;13;32;35;36;39;28;;;;;;;;
5210;10;13;14;16;37;39;41;;;;;;;;
5211;3;8;10;22;30;32;19;;;;;;;;
5212;1;9;31;32;34;39;12;;;;;;;;
5213;7;17;18;30;35;38;6;;;;;;;;
5214;3;7;10;15;24;35;22;;;;;;;;
5215;4;8;13;18;27;30;2;;;;;;;;
5216;5;11;14;19;22;31;8;;;;;;;;
5217;2;10;32;34;37;40;28;;;;;;;;
5218;1;20;29;32;34;41;21;;;;;;;;
5219;4;10;11;13;39;40;1;;;;;;;;
5220;2;3;13;28;30;36;8;;;;;;;;
5221;3;17;20;26;32;40;15;;;;;;;;
5222;5;20;28;31;33;35;18;;;;;;;;
5223;6;11;18;23;27;29;33;;;;;;;;
5224;2;9;10;18;22;36;8;;;;;;;;
5225;4;15;24;28;30;41;31;;;;;;;;
5226;1;13;23;25;32;35;10;;;;;;;;
5227;14;17;21;27;29;34;1;;;;;;;;
5228;8;17;27;29;32;40;15;;;;;;;;
5229;7;14;18;23;30;35;13;;;;;;;;
5230;6;8;11;14;27;41;23;;;;;;;;
5231;9;13;15;28;29;38;12;;;;;;;;
5232;5;23;28;33;37;40;31;;;;;;;;
5233;13;14;17;27;29;36;18;;;;;;;;
5234;3;14;20;31;33;34;5;;;;;;;;
5235;3;4;10;16;22;31;34;;;;;;;;
5236;1;4;16;20;24;25;23;;;;;;;;
5237;1;6;18;22;37;39;5;;;;;;;;
5238;15;27;28;30;40;41;37;;;;;;;;
5239;1;7;16;22;38;41;4;;;;;;;;
5240;10;20;22;30;34;39;12;;;;;;;;
5241;1;10;14;17;20;34;5;;;;;;;;
5242;1;3;5;15;20;36;33;;;;;;;;
5243;25;28;31;32;39;41;18;;;;;;;;
5244;2;5;9;13;23;26;30;;;;;;;;
5245;2;7;10;11;35;41;21;;;;;;;;
5246;2;3;16;26;35;41;10;;;;;;;;
5247;1;7;12;13;30;33;16;;;;;;;;
5248;2;11;14;15;30;31;3;;;;;;;;
5249;3;11;20;24;30;36;1;;;;;;;;
5250;14;17;22;23;27;31;35;;;;;;;;
5251;1;11;14;16;17;25;41;;;;;;;;
5252;1;15;22;33;38;39;41;;;;;;;;
5253;6;22;28;30;35;41;2;;;;;;;;
5254;5;9;28;36;39;40;23;;;;;;;;
5255;9;17;23;28;29;37;3;;;;;;;;
5256;5;6;11;12;35;36;39;;;;;;;;
5257;14;17;26;28;32;36;27;;;;;;;;
5258;4;15;20;21;32;38;7;;;;;;;;
5259;3;17;29;30;36;40;24;;;;;;;;
5260;2;9;16;29;36;41;24;;;;;;;;
5261;1;19;20;21;25;34;7;;;;;;;;
5262;2;8;14;20;34;39;19;;;;;;;;
5263;5;9;10;12;27;36;11;;;;;;;;
5264;12;19;21;24;33;38;25;;;;;;;;
5265;12;24;25;29;32;33;3;;;;;;;;
5266;2;4;8;10;18;38;41;;;;;;;;
5267;3;14;21;24;34;40;32;;;;;;;;
5268;1;7;10;29;36;41;21;;;;;;;;
5269;5;15;29;32;37;41;1;;;;;;;;
5270;12;17;28;33;37;38;41;;;;;;;;
5271;13;21;32;33;35;39;41;;;;;;;;
5272;3;12;17;25;36;38;27;;;;;;;;
5273;11;18;24;34;35;39;28;;;;;;;;
5274;15;17;21;23;26;29;24;;;;;;;;
5275;19;24;25;34;38;39;20;;;;;;;;
5276;1;7;13;20;29;31;21;;;;;;;;
5277;12;14;16;33;34;38;8;;;;;;;;
5278;7;17;21;29;31;37;36;;;;;;;;
5279;8;11;17;20;22;31;9;;;;;;;;
5280;5;10;24;27;29;37;38;;;;;;;;
5281;3;6;7;25;32;36;16;;;;;;;;
5282;4;6;8;17;26;32;3;;;;;;;;
5283;4;7;12;14;15;24;1;;;;;;;;
5284;17;25;35;36;38;39;27;;;;;;;;
5285;11;13;14;21;30;40;12;;;;;;;;
5286;3;11;16;19;24;40;28;;;;;;;;
5287;1;2;8;14;22;25;20;;;;;;;;
5288;3;16;26;27;33;41;11;;;;;;;;
5289;16;25;26;28;30;34;2;;;;;;;;
5290;7;20;21;22;29;41;30;;;;;;;;
5291;5;8;16;33;36;40;6;;;;;;;;
5292;1;4;5;7;17;33;8;;;;;;;;
5293;5;8;9;16;20;31;25;;;;;;;;
5294;2;7;13;28;34;38;23;;;;;;;;
5295;7;20;26;29;34;41;19;;;;;;;;
5296;11;17;30;38;39;41;36;;;;;;;;
5297;2;9;14;26;32;37;40;;;;;;;;
5298;4;10;12;14;27;39;5;;;;;;;;
5299;2;19;22;23;29;31;6;;;;;;;;
5300;1;13;20;25;27;35;33;;;;;;;;
5301;5;10;16;22;33;37;1;;;;;;;;
5302;11;14;17;24;30;39;12;;;;;;;;
5303;10;13;19;26;27;39;8;;;;;;;;
5304;9;18;20;22;23;38;7;;;;;;;;
5305;5;11;13;23;36;38;39;;;;;;;;
5306;10;11;13;26;27;41;39;;;;;;;;
5307;13;15;16;27;34;35;12;;;;;;;;
5308;1;10;17;28;33;36;6;;;;;;;;
5309;2;5;12;17;18;21;25;;;;;;;;
5310;9;18;29;39;40;41;24;;;;;;;;
5311;6;22;27;29;35;38;18;;;;;;;;
5312;2;8;10;12;21;38;30;;;;;;;;
5313;2;5;21;27;36;39;26;;;;;;;;
5314;6;16;18;20;35;39;14;;;;;;;;
5315;3;6;28;32;35;38;41;;;;;;;;
5316;7;8;10;24;28;32;27;;;;;;;;
5317;7;10;15;20;28;36;19;;;;;;;;
5318;6;8;10;18;26;27;13;;;;;;;;
5319;7;9;10;15;16;23;3;;;;;;;;
5320;4;13;19;28;39;40;23;;;;;;;;
5321;5;12;22;33;37;38;14;;;;;;;;
5322;3;13;17;20;36;37;30;;;;;;;;
5323;4;12;20;22;28;35;23;;;;;;;;
5324;1;7;17;22;24;29;15;;;;;;;;
5325;21;31;33;37;39;41;11;;;;;;;;
5326;10;22;25;35;37;40;20;;;;;;;;
5327;11;13;18;32;40;41;8;;;;;;;;
5328;7;20;28;29;37;39;6;;;;;;;;
5329;7;12;18;28;34;37;13;;;;;;;;
5330;10;21;22;23;33;38;41;;;;;;;;
5331;3;14;20;22;32;37;24;;;;;;;;
5332;9;12;19;25;26;33;40;;;;;;;;
5333;2;13;17;20;29;39;27;;;;;;;;
5334;1;10;11;30;31;40;20;;;;;;;;
5335;2;4;7;14;18;28;22;;;;;;;;
5336;18;23;26;32;37;38;12;;;;;;;;
5337;3;8;18;19;21;29;7;;;;;;;;
5338;5;6;8;25;30;41;22;;;;;;;;
5339;6;25;36;38;40;41;23;;;;;;;;
5340;8;11;21;28;38;40;32;;;;;;;;
5341;10;15;20;24;25;31;21;;;;;;;;
5342;1;28;29;32;35;37;16;;;;;;;;
5343;2;13;20;23;24;40;27;;;;;;;;
5344;4;5;6;9;21;26;41;;;;;;;;
5345;10;21;25;27;38;40;13;;;;;;;;
5346;4;8;13;14;17;24;30;;;;;;;;
5347;5;6;12;23;36;38;2;;;;;;;;
5348;1;9;13;28;31;34;17;;;;;;;;
5349;2;13;18;19;29;30;22;;;;;;;;
5350;6;15;19;24;31;36;40;;;;;;;;
5351;1;2;5;18;23;38;22;;;;;;;;
5352;8;10;14;16;23;37;25;;;;;;;;
5353;7;19;21;25;37;41;9;;;;;;;;
5354;11;12;13;14;16;39;2;;;;;;;;
5355;6;11;23;31;35;40;15;;;;;;;;
5356;7;10;17;25;27;32;20;;;;;;;;
5357;2;9;17;18;31;38;7;;;;;;;;
5358;2;9;12;26;29;31;34;;;;;;;;
5359;6;19;29;33;37;40;16;;;;;;;;
5360;7;11;12;28;31;39;41;;;;;;;;
5361;11;13;19;30;38;40;14;;;;;;;;
5362;6;12;16;25;37;38;14;;;;;;;;
5363;2;8;16;24;25;34;17;;;;;;;;
5364;2;6;9;13;27;36;25;;;;;;;;
5365;5;6;14;26;27;37;13;;;;;;;;
5366;1;4;30;34;36;41;6;;;;;;;;
5367;14;16;19;27;32;35;40;;;;;;;;
5368;2;6;18;19;27;35;16;;;;;;;;
5369;7;9;11;22;38;40;27;;;;;;;;
5370;2;11;14;27;28;36;31;;;;;;;;
5371;3;16;29;33;37;38;22;;;;;;;;
5372;17;21;22;25;26;38;18;;;;;;;;
5373;6;16;17;20;28;33;11;;;;;;;;
5374;12;17;19;25;27;34;22;;;;;;;;
5375;2;9;17;30;32;38;24;;;;;;;;
5376;5;17;19;24;36;41;30;;;;;;;;
5377;19;23;26;31;35;36;13;;;;;;;;
5378;15;18;23;26;28;37;22;;;;;;;;
5379;4;7;15;19;31;41;17;;;;;;;;
5380;15;17;21;30;32;35;14;;;;;;;;
5381;4;5;20;28;29;34;19;;;;;;;;
5382;2;11;15;16;33;34;9;;;;;;;;
5383;2;12;15;20;21;30;31;;;;;;;;
5384;4;15;23;24;33;41;39;;;;;;;;
5385;7;26;29;33;34;37;1;;;;;;;;
5386;1;17;19;23;36;39;38;;;;;;;;
5387;6;15;16;19;24;30;25;;;;;;;;
5388;4;15;21;22;36;40;31;;;;;;;;
5389;1;4;11;30;32;38;41;;;;;;;;
5390;2;10;13;27;30;32;5;;;;;;;;
5391;6;10;17;22;39;41;28;;;;;;;;
5392;9;32;35;38;40;41;7;;;;;;;;
5393;1;4;18;23;29;41;38;;;;;;;;
5394;4;5;10;28;33;39;36;;;;;;;;
5395;2;7;19;24;29;34;39;;;;;;;;
5396;11;13;14;34;35;40;16;;;;;;;;
5397;12;15;25;28;32;35;9;;;;;;;;
5398;4;16;23;25;26;35;21;;;;;;;;
5399;11;13;14;19;23;31;18;;;;;;;;
5400;11;14;20;24;28;34;38;;;;;;;;
5401;4;9;22;25;32;35;5;;;;;;;;
5402;5;21;24;35;40;41;12;;;;;;;;
5403;13;23;29;36;40;41;35;;;;;;;;
5405;6;14;21;27;32;34;9;;;;;;;;
5406;6;9;11;20;23;34;33;;;;;;;;
5407;2;3;4;25;39;41;31;;;;;;;;
5408;20;22;26;33;34;41;40;;;;;;;;
5409;2;3;7;19;32;37;26;;;;;;;;
5410;1;3;12;18;21;28;38;;;;;;;;
5411;5;18;20;26;35;39;1;;;;;;;;
5412;11;14;23;26;31;35;40;;;;;;;;
5413;7;17;23;24;30;31;5;;;;;;;;
5414;1;9;25;28;35;36;38;;;;;;;;
5415;3;16;27;32;34;38;1;;;;;;;;
5416;1;25;30;34;37;39;22;;;;;;;;
5417;5;7;15;21;27;35;33;;;;;;;;
5418;3;6;13;32;35;39;20;;;;;;;;
5419;8;21;23;25;26;39;2;;;;;;;;
5420;7;20;26;27;29;36;39;;;;;;;;
5421;11;13;25;28;30;36;4;;;;;;;;
5422;1;11;16;18;29;33;5;;;;;;;;
5423;6;7;12;15;20;21;34;;;;;;;;
5424;13;16;19;32;37;41;18;;;;;;;;
5425;10;15;17;18;20;22;1;;;;;;;;
5426;2;13;24;27;30;38;8;;;;;;;;
5427;2;18;19;35;36;41;32;;;;;;;;
5428;4;11;12;18;19;26;34;;;;;;;;
5429;13;19;23;24;29;34;25;;;;;;;;
5430;3;8;12;28;31;32;5;;;;;;;;
5431;5;9;23;35;39;41;27;;;;;;;;
5432;5;8;22;30;32;40;2;;;;;;;;
5433;3;11;20;27;31;40;29;;;;;;;;
5434;1;9;10;24;28;35;22;;;;;;;;
5435;14;15;20;24;31;40;38;;;;;;;;
5436;4;11;15;17;35;41;3;;;;;;;;
5437;3;8;11;16;20;37;26;;;;;;;;
5438;5;10;14;23;38;41;32;;;;;;;;
5439;2;6;10;36;37;40;35;;;;;;;;
5440;7;17;19;22;24;33;6;;;;;;;;
5441;13;15;17;18;21;31;2;;;;;;;;
5442;11;18;21;23;26;33;32;;;;;;;;
5443;7;8;11;13;20;35;14;;;;;;;;
5444;17;20;28;35;36;40;38;;;;;;;;
5445;10;13;17;20;27;28;5;;;;;;;;
5446;2;10;12;17;18;27;3;;;;;;;;
5447;7;14;15;21;27;28;2;;;;;;;;
5448;8;18;20;21;33;34;22;;;;;;;;
5449;1;8;9;22;23;29;26;;;;;;;;
5450;1;9;17;29;31;40;41;;;;;;;;
5451;10;13;15;20;38;41;16;;;;;;;;
5452;4;15;23;28;35;40;8;;;;;;;;
5453;3;9;11;12;20;40;18;;;;;;;;
5454;11;16;17;20;28;31;40;;;;;;;;
5455;2;3;5;11;26;33;7;;;;;;;;
5456;5;11;17;18;28;33;29;;;;;;;;
5457;1;5;10;16;27;30;36;;;;;;;;
5458;5;8;15;16;24;29;9;;;;;;;;
5459;17;18;23;29;32;38;3;;;;;;;;
5460;9;22;24;32;35;36;25;;;;;;;;
5461;7;8;12;17;20;29;24;;;;;;;;
5462;4;14;17;23;30;39;37;;;;;;;;
5463;10;18;22;23;35;37;31;5;12;21;24;32;39;18;pensadog
;;;;;;;;7;11;17;28;31;39;40;
