sorteo,n1,n2,n3,n4,n5,n6
4239,03,06,10,11,13,19
4240,02,05,10,11,23,24
4241,07,11,18,22,25,33
4242,13,15,16,23,24,33
4243,12,26,28,29,35,38
4244,02,07,13,14,25,39
4245,06,11,15,18,22,23
4246,11,13,20,21,31,36
4247,02,06,17,29,30,32
4248,11,14,26,28,29,41
4249,16,18,24,30,34,37
4250,09,13,21,23,29,33
4251,20,28,29,31,36,40
4252,01,05,13,23,27,31
4253,03,06,14,25,35,38
4254,02,18,19,21,34,39
4255,02,19,20,25,28,32
4256,02,05,13,33,35,40
4257,05,15,26,28,32,35
4258,01,02,11,15,19,37
4259,07,17,25,26,37,39
4260,16,19,27,31,37,39
4261,05,06,13,14,18,29
4262,05,08,20,27,32,40
4263,03,05,11,12,20,34
4264,03,08,12,30,39,41
4265,04,21,30,33,34,37
4266,04,15,18,24,35,41
4267,07,13,14,30,34,38
4268,06,12,21,25,34,35
4269,07,09,16,25,29,36
4270,03,05,06,30,32,36
4271,04,05,18,23,33,39
4272,12,15,16,22,32,38
4273,09,20,24,36,39,40
4274,06,18,21,26,37,41
4275,05,07,10,23,30,33
4276,05,07,27,33,36,40
4277,01,04,20,37,39,40
4278,02,13,19,26,28,30
4279,10,13,15,26,29,32
4280,11,16,26,30,36,39
4281,03,04,16,18,22,30
4282,01,10,14,20,26,29
4283,01,02,11,17,29,30
4284,05,08,12,18,36,39
4285,06,15,17,18,34,37
4286,07,11,14,24,32,35
4287,02,03,04,10,21,32
4288,01,07,11,24,29,34
4289,13,16,21,22,26,37
4290,04,14,16,21,29,31
4291,01,07,09,30,31,36
4292,07,12,29,34,38,39
4293,01,07,13,27,31,40
4294,07,09,18,24,27,36
4295,02,05,06,30,33,36
4296,02,05,07,16,18,38
4297,02,07,11,17,21,37
4298,01,14,22,28,38,41
4299,04,10,13,15,18,29
4300,02,12,16,20,30,37
4301,01,06,10,24,26,41
4302,05,14,16,32,33,39
4303,09,14,16,19,27,38
4304,16,20,23,26,29,33
4305,03,14,20,38,40,41
4306,05,17,28,35,40,41
4307,01,02,05,06,10,27
4308,06,09,16,17,27,33
4309,02,13,18,25,28,40
4310,04,08,20,33,38,39
4311,05,09,20,22,28,29
4312,03,12,28,29,38,41
4313,04,05,16,19,21,28
4314,03,04,12,15,24,29
4315,09,15,19,36,37,39
4316,09,14,17,25,30,31
4317,18,20,23,24,25,30
4318,09,11,16,19,22,28
4319,06,14,19,31,33,37
4320,07,08,13,30,31,33
4321,10,14,24,25,29,38
4322,05,12,15,25,32,34
4323,03,09,10,29,37,40
4324,08,15,16,24,32,38
4325,13,22,26,27,32,33
4326,09,10,14,20,37,39
4327,01,04,10,11,15,26
4328,02,04,06,23,29,30
4329,04,06,07,16,37,39
4330,02,09,20,33,35,40
4331,06,19,22,23,31,35
4332,01,07,17,24,38,39
4333,04,12,19,22,31,34
4334,15,17,18,20,26,32
4335,04,08,15,23,38,39
4336,09,11,22,29,34,40
4337,03,08,20,25,26,40
4338,11,15,20,22,33,36
4339,02,03,16,17,29,41
4340,06,10,12,15,24,25
4341,02,04,05,08,12,37
4342,07,08,20,26,36,41
4343,03,07,18,23,27,30
4344,01,19,24,32,39,40
4345,02,10,28,36,37,38
4346,05,14,19,26,31,38
4347,09,13,18,26,32,34
4348,05,23,24,28,35,40
4349,10,12,19,22,32,41
4350,02,05,16,33,35,39
4351,14,15,20,21,23,40
4352,01,18,24,35,39,41
4353,07,16,20,27,30,36
4354,10,13,16,22,25,39
4355,04,13,18,20,21,28
4356,09,13,19,27,33,36
4357,04,10,17,23,26,33
4358,03,11,22,24,35,38
4359,09,12,20,35,36,38
4360,19,25,29,34,39,40
4361,04,19,22,25,26,40
4362,02,05,12,22,29,36
4363,03,05,12,23,25,26
4364,13,20,30,31,36,37
4365,02,09,14,15,23,27
4366,12,16,30,34,35,37
4367,03,06,09,16,23,38
4368,08,11,12,17,23,37
4369,06,09,10,23,27,38
4370,05,06,13,25,27,29
4371,01,02,11,22,33,34
4372,06,09,17,26,27,32
4373,01,08,09,10,13,40
4374,02,07,10,26,30,37
4375,01,14,20,28,38,40
4376,02,14,21,25,36,41
4377,03,11,19,22,31,33
4378,07,11,12,24,38,39
4379,04,06,07,15,18,37
4380,06,07,13,25,28,34
4381,15,16,21,30,34,38
4382,04,05,16,17,20,26
4383,11,13,16,18,26,37
4384,10,14,15,22,32,35
4385,10,15,23,27,30,39
4386,20,31,32,36,39,41
4387,18,21,26,27,30,36
4388,02,04,05,15,25,31
4389,02,06,12,26,35,40
4390,05,08,10,22,23,24
4391,04,11,14,21,22,27
4392,07,15,31,38,39,40
4393,05,08,10,23,28,40
4394,05,06,08,13,15,39
4395,02,05,15,19,20,36
4396,01,06,09,11,25,41
4397,07,08,18,24,27,31
4398,08,12,21,25,27,37
4399,10,14,16,25,37,38
4400,07,09,11,25,29,37
4401,05,14,18,30,36,41
4402,03,04,05,15,16,28
4403,13,15,24,26,32,34
4405,10,11,14,19,36,39
4406,03,13,16,22,23,27
4407,01,09,10,25,27,36
4408,02,10,16,18,35,39
4409,05,06,11,13,31,38
4410,02,13,20,23,35,36
4411,12,14,21,25,29,39
4412,01,03,09,29,32,38
4413,11,12,25,28,31,39
4414,08,14,22,31,34,35
4415,17,23,26,32,33,40
4416,13,21,28,32,35,40
4417,10,14,17,30,35,41
4418,07,11,19,22,31,35
4419,07,21,31,33,34,37
4420,03,09,19,24,33,36
4421,07,16,30,31,36,38
4422,02,03,11,22,29,37
4423,07,08,13,31,36,37
4424,08,10,21,25,33,39
4425,04,07,21,27,29,34
4426,04,17,18,20,24,34
4427,04,11,15,16,19,33
4428,06,08,18,20,33,34
4429,08,22,26,30,33,37
4430,06,16,17,19,23,27
4431,01,02,10,13,21,22
4432,02,05,24,26,38,41
4433,03,09,23,29,37,41
4434,05,16,23,25,38,40
4435,12,13,14,34,36,40
4436,01,02,14,22,26,34
4437,08,09,14,23,27,37
4438,04,09,11,21,29,34
4439,06,12,15,18,31,38
4440,02,04,17,22,23,28
4441,02,16,21,32,33,41
4442,04,15,16,25,32,34
4443,06,09,15,19,29,35
4444,05,12,15,16,18,25
4445,04,12,20,30,32,40
4446,02,10,19,21,31,36
4447,07,08,27,33,35,41
4448,03,13,17,24,31,39
4449,05,15,16,21,26,30
4450,11,13,31,35,40,41
4451,02,10,26,28,32,35
4452,01,04,13,30,32,37
4453,06,14,19,26,29,34
4454,03,10,11,13,14,24
4455,08,11,15,16,31,33
4456,03,10,12,17,18,23
4457,04,18,21,23,28,35
4458,06,08,15,23,30,40
4459,06,13,19,24,37,41
4460,17,19,21,27,29,36
4461,11,16,21,22,25,36
4462,09,26,28,30,36,41
4463,05,10,26,33,38,40
4464,04,15,23,33,35,36
4465,04,09,10,19,37,41
4466,03,05,07,14,20,23
4467,04,19,20,23,27,41
4468,03,12,19,22,28,39
4469,04,09,16,33,34,36
4470,10,15,36,37,38,40
4471,04,06,09,10,18,21
4472,13,26,28,35,39,40
4473,01,09,19,29,33,40
4474,03,27,28,31,33,35
4475,08,09,15,24,38,40
4476,09,13,15,29,30,38
4477,01,21,25,32,34,36
4478,12,18,21,29,33,39
4479,08,25,27,31,32,38
4480,06,07,08,24,27,36
4481,11,13,15,20,25,35
4482,04,06,07,11,27,30
4483,04,06,20,28,29,36
4484,01,09,32,34,35,39
4485,02,04,05,06,15,26
4486,02,05,16,27,32,34
4487,03,09,19,29,31,39
4488,04,16,18,19,20,34
4489,08,21,27,30,35,36
4490,18,25,26,30,40,41
4491,08,11,24,25,34,40
4492,07,09,24,30,37,38
4493,11,16,22,24,38,41
4494,01,02,07,37,39,40
4495,09,14,17,19,33,36
4496,01,06,10,11,27,40
4497,01,07,13,15,18,35
4498,09,15,16,21,32,38
4499,02,08,15,18,29,38
4500,06,13,21,22,37,41
4501,07,15,25,28,29,36
4502,03,13,15,16,34,38
4503,05,06,11,20,24,33
4504,10,17,30,31,34,35
4505,12,19,22,28,33,37
4506,02,05,08,17,26,40
4507,03,07,18,36,37,41
4508,05,12,17,20,23,37
4509,02,13,16,27,34,36
4510,13,18,27,28,34,40
4511,02,06,07,26,30,37
4512,08,09,12,16,18,40
4513,06,07,11,20,22,40
4514,03,08,20,22,38,41
4515,07,14,18,22,32,38
4516,04,13,21,27,31,33
4517,06,19,27,36,39,41
4518,01,05,17,18,25,41
4519,04,18,22,24,36,37
4520,13,15,20,23,28,38
4521,06,09,16,33,35,37
4522,11,18,19,30,31,38
4523,05,09,27,30,34,37
4524,01,16,18,27,30,31
4525,09,16,23,31,36,40
4526,04,08,19,32,35,41
4527,01,08,09,18,19,29
4528,04,14,19,32,33,41
4529,06,11,13,14,19,36
4530,03,13,26,32,36,38
4531,04,10,25,26,32,36
4532,11,16,26,27,30,40
4533,19,26,34,37,38,40
4534,01,02,23,25,29,33
4535,11,12,35,39,40,41
4536,02,04,18,26,34,41
4537,04,16,24,26,30,40
4538,08,10,21,27,33,34
4539,03,10,19,25,39,41
4540,06,08,29,31,33,41
4541,07,09,15,33,34,35
4542,03,04,07,13,15,40
4543,02,06,17,18,28,34
4544,07,08,17,24,25,26
4545,01,11,27,28,32,35
4546,01,12,18,23,26,33
4547,04,08,09,18,20,32
4548,01,02,07,17,21,23
4549,10,14,15,16,27,33
4550,07,08,21,22,23,24
4551,01,05,15,16,26,32
4552,14,15,21,23,27,39
4553,18,23,26,30,32,35
4554,07,13,18,20,23,39
4555,11,12,35,36,37,40
4556,03,10,27,34,39,41
4557,15,20,21,22,34,36
4558,04,08,13,15,29,37
4559,01,06,22,24,27,37
4560,02,07,14,19,22,41
4561,07,09,27,28,33,35
4562,03,06,17,32,38,39
4563,02,09,18,24,27,28
4564,03,16,22,24,34,38
4565,02,19,20,21,31,35
4566,02,10,19,23,31,35
4567,09,11,14,15,17,27
4568,05,06,07,18,35,39
4569,04,08,22,31,33,39
4570,13,21,23,26,29,38
4571,01,03,08,22,26,33
4572,03,04,24,26,38,40
4573,03,16,18,25,38,41
4574,01,05,11,18,20,40
4575,03,12,26,32,34,39
4576,14,21,25,28,36,39
4577,02,11,23,31,33,35
4578,14,16,27,28,36,37
4579,08,16,18,22,30,39
4580,01,09,16,23,36,40
4581,01,02,10,12,20,37
4582,03,05,12,17,19,40
4583,07,11,27,33,34,36
4584,01,05,12,22,23,41
4585,06,08,13,18,23,38
4586,03,11,23,39,40,41
4587,01,12,14,29,31,40
4588,13,20,21,22,37,40
4589,05,06,17,21,23,31
4590,07,10,31,33,35,37
4591,01,03,10,27,36,40
4592,09,11,14,16,26,29
4593,02,05,09,24,34,39
4594,17,27,31,34,36,40
4595,15,16,18,22,34,37
4596,02,03,14,23,25,26
4597,01,07,18,26,28,29
4598,13,19,20,23,28,39
4599,02,10,14,20,29,35
4600,01,12,15,22,28,33
4601,04,07,10,20,34,36
4602,12,18,19,26,37,39
4603,01,16,25,28,39,41
4604,01,05,14,23,30,40
4605,04,09,13,27,35,39
4606,03,10,15,20,29,30
4607,02,09,24,27,34,36
4608,02,16,22,32,37,40
4609,08,10,15,28,38,40
4610,10,14,25,28,31,40
4611,06,07,13,29,34,41
4612,03,07,19,32,36,41
4613,03,10,15,24,25,32
4614,01,09,19,24,25,37
4615,08,16,24,25,36,40
4616,06,17,29,30,31,34
4617,16,18,21,26,31,38
4618,11,18,25,26,29,30
4619,04,06,11,17,27,41
4620,04,10,19,29,36,39
4621,01,07,15,23,33,38
4622,08,20,21,23,30,41
4623,05,08,13,28,32,34
4624,06,11,13,23,37,40
4625,03,07,08,16,26,41
4626,08,10,16,26,32,34
4627,14,18,22,33,34,36
4628,08,09,13,16,35,38
4629,13,25,27,32,38,41
4630,12,14,25,27,28,32
4631,05,22,26,31,36,37
4632,04,07,11,18,29,38
4633,01,03,09,10,13,32
4634,05,07,09,10,22,24
4635,19,23,24,31,36,37
4636,03,05,07,17,20,34
4637,08,10,23,25,37,38
4638,07,12,13,22,28,30
4639,01,15,17,21,25,31
4640,10,16,20,32,33,40
4641,03,05,09,28,32,33
4642,04,10,19,25,31,41
4643,12,14,23,25,39,41
4644,01,05,14,17,20,36
4645,03,16,20,29,33,37
4646,02,10,11,16,27,37
4647,12,20,22,24,38,39
4648,05,17,19,25,37,38
4649,04,13,28,36,37,39
4650,01,07,08,19,26,37
4651,04,13,15,22,38,39
4652,01,04,09,12,17,36
4653,05,09,10,13,33,36
4654,13,16,22,26,28,33
4655,05,07,09,13,16,22
4656,04,14,17,25,27,40
4657,13,16,23,34,37,39
4658,05,11,15,21,37,38
4659,01,04,06,23,25,37
4660,07,22,30,32,36,37
4661,01,17,20,24,32,35
4662,11,14,29,35,39,40
4663,01,05,07,08,19,36
4664,06,14,17,20,26,30
4665,14,15,19,25,37,41
4666,06,17,28,32,37,41
4667,09,14,17,22,24,32
4668,05,11,18,25,30,40
4669,13,21,28,29,30,36
4670,12,13,17,20,25,32
4671,02,13,14,29,37,38
4672,04,17,21,26,28,35
4673,06,21,32,35,38,39
4674,05,23,27,28,30,41
4675,01,02,07,10,36,38
4676,03,04,10,26,35,36
4677,02,03,10,22,26,34
4678,01,11,16,24,26,41
4679,02,03,06,34,38,39
4680,06,07,13,21,34,39
4681,07,08,11,13,26,29
4682,02,11,12,20,23,30
4683,03,04,15,22,32,35
4684,01,03,05,10,15,20
4685,13,14,17,35,39,41
4686,05,17,26,30,34,41
4687,03,05,19,21,34,37
4688,04,05,25,26,28,34
4689,04,14,27,28,33,37
4690,02,16,19,22,25,41
4691,01,11,14,21,30,31
4692,06,21,23,27,31,36
4693,04,24,26,27,30,35
4694,04,07,09,21,33,40
4695,02,04,05,17,33,41
4696,02,12,14,20,39,40
4697,13,17,26,32,38,39
4698,07,08,23,35,36,41
4699,09,14,17,26,28,40
4700,02,03,16,21,29,34
4701,07,13,21,27,30,33
4702,02,08,21,22,26,36
4703,06,20,22,27,32,38
4704,05,12,13,36,38,39
4705,01,05,09,13,28,31
4706,01,04,17,24,36,39
4707,14,15,16,37,40,41
4708,02,08,16,34,37,41
4709,07,13,14,21,25,31
4710,01,05,13,15,20,27
4711,02,04,08,25,26,33
4712,06,14,17,18,25,30
4713,04,13,14,16,25,33
4714,05,07,10,21,23,35
4715,15,16,17,24,27,29
4716,05,12,13,15,29,31
4717,02,04,11,23,28,34
4718,06,11,12,14,25,29
4719,06,12,17,23,26,40
4720,03,10,20,34,37,40
4721,02,21,22,25,34,35
4722,03,04,05,20,31,36
4723,06,09,11,13,15,33
4724,01,08,09,13,18,35
4725,19,20,25,31,35,39
4726,07,08,29,35,38,40
4727,03,14,25,28,33,38
4728,04,14,26,31,40,41
4729,08,11,14,15,21,28
4730,06,18,21,25,31,40
4731,03,16,18,37,39,41
4732,10,11,21,22,30,33
4733,02,03,05,09,23,39
4734,01,09,18,23,26,34
4735,06,16,17,22,30,32
4736,04,12,18,23,32,35
4737,11,22,24,33,37,41
4738,07,12,22,35,37,40
4739,14,18,20,23,29,35
4740,02,18,24,32,40,41
4741,12,18,19,22,33,34
4742,10,13,15,36,37,41
4743,09,14,16,19,28,29
4744,05,07,11,24,34,35
4745,12,13,20,22,27,29
4746,01,04,19,23,27,40
4747,01,08,16,21,27,39
4748,03,11,15,27,29,31
4749,06,10,15,25,29,38
4750,01,08,16,25,28,36
4751,18,21,23,25,31,34
4752,02,03,13,31,33,35
4753,01,09,18,20,23,24
4754,02,09,15,16,29,30
4755,13,15,21,28,35,41
4756,07,18,32,33,36,41
4757,01,02,10,14,17,37
4758,05,16,22,24,27,30
4759,13,15,24,26,27,32
4760,04,08,23,31,32,41
4761,08,20,28,30,37,38
4762,09,14,17,20,27,37
4763,03,10,20,25,36,37
4764,12,15,32,35,38,40
4765,03,04,06,17,27,31
4766,06,12,15,17,24,27
4767,09,24,34,35,36,39
4768,09,11,26,29,30,34
4769,07,28,31,32,33,41
4770,04,07,09,14,15,20
4771,02,06,07,21,24,27
4772,06,09,22,24,28,30
4773,02,29,30,32,37,38
4774,06,09,18,20,33,37
4775,07,14,22,23,33,34
4776,08,12,22,35,38,40
4777,12,22,31,33,34,35
4778,03,04,07,09,21,39
4779,09,10,21,30,32,35
4780,04,19,28,32,36,40
4781,09,13,19,20,22,24
4782,03,09,32,34,40,41
4783,03,14,16,22,24,26
4784,10,11,21,25,34,35
4785,08,09,13,16,22,33
4786,12,16,21,36,37,41
4787,05,13,17,19,38,40
4788,04,07,21,29,30,41
4789,04,19,20,23,34,35
4790,03,07,12,23,25,27
4791,05,16,24,25,27,36
4792,02,20,26,29,32,33
4793,03,04,14,18,29,36
4794,14,20,33,37,39,40
4795,02,08,09,20,37,39
4796,11,13,15,31,34,38
4797,02,03,25,26,33,41
4798,10,21,30,34,36,39
4799,16,21,27,34,37,41
4800,11,15,29,30,31,38
4801,06,11,16,20,30,37
4802,07,12,16,17,31,34
4803,01,11,12,14,21,41
4804,04,11,26,29,31,38
4805,11,12,15,19,27,31
4806,07,10,21,32,33,40
4807,04,14,23,29,37,39
4808,06,08,19,22,29,39
4809,01,08,15,17,35,37
4810,05,11,18,25,32,37
4811,01,05,08,14,20,27
4812,01,03,17,21,27,39
4813,06,10,17,21,23,29
4814,16,18,24,35,38,40
4815,06,23,25,34,38,39
4816,08,09,21,22,25,31
4817,11,19,25,32,33,40
4818,06,10,17,27,28,32
4819,05,11,34,35,39,41
4820,10,18,19,20,37,40
4821,15,21,22,25,32,37
4822,02,04,05,09,12,25
4823,10,19,27,30,37,41
4824,06,08,13,19,20,26
4825,12,17,22,26,30,36
4826,05,08,11,20,29,35
4827,02,12,15,24,32,35
4828,04,18,22,26,29,30
4829,09,10,23,26,31,34
4830,05,06,12,13,26,32
4831,12,18,21,22,25,31
4832,01,09,10,12,17,29
4833,09,13,27,30,35,39
4834,12,19,35,36,37,40
4835,14,28,29,35,37,40
4836,05,11,16,21,30,40
4837,03,18,20,24,29,36
4838,09,14,15,21,32,41
4839,08,10,17,25,27,37
4840,11,17,29,34,35,36
4841,10,22,24,36,40,41
4842,06,08,13,15,18,34
4843,12,21,22,34,35,37
4844,08,17,28,30,33,34
4845,05,15,26,34,37,41
4846,07,13,16,23,28,39
4847,01,04,13,23,32,35
4848,03,11,12,13,24,25
4849,02,15,18,20,27,36
4850,11,14,25,29,34,38
4851,06,12,22,29,33,39
4852,13,15,17,22,28,30
4853,10,18,19,27,35,37
4854,05,14,27,29,33,37
4855,04,06,11,12,31,39
4856,01,04,05,08,16,23
4857,10,15,30,33,38,41
4858,01,05,07,21,22,25
4859,04,10,12,18,21,37
4860,05,15,19,33,37,38
4861,06,10,16,17,29,32
4862,06,08,17,24,26,31
4863,06,08,18,23,26,38
4864,01,04,16,19,23,30
4865,11,20,26,33,35,39
4866,06,07,08,13,35,37
4867,03,11,14,21,27,38
4868,03,13,16,33,34,41
4869,01,02,13,15,16,32
4870,05,11,13,15,28,38
4871,01,12,17,23,25,35
4872,05,10,22,33,34,41
4873,18,27,29,34,38,39
4874,07,16,19,23,26,33
4875,04,06,22,23,34,36
4876,08,11,12,27,32,35
4877,07,12,19,28,31,41
4878,01,05,06,18,29,37
4879,19,20,21,25,29,39
4880,09,17,20,25,27,35
4881,01,06,19,29,36,39
4882,01,08,17,29,31,34
4883,12,21,27,30,36,40
4884,02,08,17,19,28,35
4885,09,13,14,19,29,34
4886,01,05,14,17,27,32
4887,06,08,13,19,25,26
4888,08,13,14,28,29,36
4889,01,10,11,25,36,40
4890,03,04,05,15,19,24
4891,15,21,22,29,33,37
4892,04,12,26,30,37,39
4893,05,10,32,33,36,37
4894,06,24,29,36,39,41
4895,02,10,15,27,37,41
4896,05,11,22,24,31,37
4897,02,06,19,20,39,41
4898,05,09,16,22,35,41
4899,04,22,23,30,33,41
4900,05,07,22,27,36,39
4901,02,07,24,26,32,36
4902,13,15,20,31,36,38
4903,08,10,14,23,27,29
4904,02,03,06,13,23,30
4905,11,12,20,30,38,39
4906,05,14,22,24,27,35
4907,10,19,23,27,39,41
4908,06,17,22,26,30,37
4909,07,09,16,24,29,41
4910,12,18,23,27,34,36
4911,05,12,16,19,38,40
4912,07,20,26,28,31,39
4913,18,25,28,30,31,34
4914,03,07,23,24,30,40
4915,16,19,35,36,38,41
4916,04,07,13,18,31,35
4917,01,04,31,32,35,36
4918,04,17,31,33,36,40
4919,06,08,11,24,32,38
4920,06,14,15,17,21,40
4921,03,12,15,16,21,40
4922,09,13,24,34,36,41
4923,05,09,11,22,24,25
4924,04,22,26,33,36,40
4925,12,13,14,20,35,37
4926,11,20,23,30,36,38
4927,14,23,24,32,39,41
4928,06,08,26,28,32,38
4929,02,04,21,27,30,31
4930,03,06,16,24,27,28
4931,04,14,17,24,36,40
4932,01,12,13,15,18,39
4933,16,19,28,30,32,36
4934,08,09,12,24,35,39
4935,10,11,12,17,38,40
4936,14,15,17,24,27,38
4937,08,18,19,20,39,40
4938,04,06,22,29,30,40
4939,12,22,24,34,36,38
4940,17,19,21,30,36,39
4941,07,12,28,31,32,33
4942,02,07,15,25,35,36
4943,04,07,11,21,27,29
4944,15,19,22,25,31,41
4945,02,03,06,17,34,36
4946,19,25,27,28,32,40
4947,04,11,12,13,32,36
4948,06,07,16,23,26,38
4949,01,07,15,33,38,40
4950,10,14,17,18,32,36
4951,02,21,24,31,34,38
4952,02,05,25,27,29,30
4953,04,10,18,29,30,31
4954,04,06,10,11,17,40
4955,02,07,09,16,26,33
4956,13,23,24,30,37,40
4957,15,17,20,29,34,41
4958,03,06,09,11,25,39
4959,08,09,18,24,34,36
4960,06,19,25,26,29,37
4961,12,13,22,37,38,41
4962,01,07,23,25,32,40
4963,03,15,20,24,25,32
4964,01,04,20,36,38,40
4965,02,06,12,20,21,24
4966,10,18,20,32,33,41
4967,01,03,06,09,20,38
4968,04,05,06,20,26,39
4969,02,06,15,30,33,34
4970,02,13,20,30,36,40
4971,09,12,20,31,37,41
4972,02,03,09,11,25,35
4973,01,11,20,24,34,40
4974,13,21,23,24,28,34
4975,06,07,12,28,31,32
4976,05,06,23,25,32,41
4977,03,08,23,28,31,38
4978,02,03,04,07,10,29
4979,06,22,23,30,33,34
4980,04,07,14,17,28,30
4981,11,16,17,22,25,31
4982,03,06,09,14,25,31
4983,05,07,08,18,20,36
4984,01,02,03,09,22,27
4985,01,03,05,07,29,40
4986,07,09,17,18,24,33
4987,05,09,13,15,21,38
4988,02,04,18,23,24,33
4989,07,09,15,19,31,32
4990,12,16,22,23,26,36
4991,14,19,25,29,30,41
4992,03,07,10,15,25,32
4993,02,14,21,23,32,36
4994,16,20,32,33,34,38
4995,01,15,30,31,34,37
4996,03,05,07,18,34,41
4997,07,13,22,28,38,41
4998,07,12,18,23,25,35
4999,01,18,19,20,29,34
5000,01,24,28,30,33,36
5001,03,16,19,29,30,34
5002,03,09,13,24,31,37
5003,01,04,11,13,15,21
5004,18,19,25,31,32,38
5005,01,03,08,09,13,18
5006,04,21,26,28,31,41
5007,08,09,12,20,25,26
5008,20,29,32,34,35,38
5009,04,16,25,27,38,39
5010,08,10,11,16,19,40
5011,10,14,18,32,33,38
5012,01,05,10,20,21,32
5013,04,13,17,18,31,39
5014,04,10,16,20,32,33
5015,09,22,24,29,30,31
5016,03,04,06,18,31,40
5017,10,13,15,19,31,36
5018,08,15,25,26,27,38
5019,05,11,25,29,31,35
5020,09,20,23,29,31,33
5021,01,06,18,19,31,40
5022,14,19,25,33,37,40
5023,04,08,14,15,24,29
5024,06,19,24,29,36,37
5025,03,07,08,26,39,41
5026,02,06,13,31,35,38
5027,14,16,21,25,34,40
5028,05,06,16,20,27,29
5029,03,05,16,22,24,38
5030,07,11,12,21,27,38
5031,02,15,24,33,35,37
5032,01,15,18,19,26,28
5033,04,05,06,18,21,23
5034,08,11,16,22,31,38
5035,06,19,25,27,29,34
5036,07,08,10,25,27,28
5037,08,19,24,27,34,36
5038,09,15,20,28,30,31
5039,01,06,16,18,26,34
5040,06,13,22,25,31,35
5041,01,12,15,16,24,35
5042,02,11,12,14,28,35
5043,08,20,21,25,28,35
5044,04,08,17,32,35,41
5045,10,25,28,36,38,39
5046,01,05,08,12,16,39
5047,08,10,12,21,24,25
5048,03,15,19,22,37,39
5049,11,12,16,17,20,25
5050,08,14,24,29,31,38
5051,02,14,19,20,31,35
5052,02,24,28,33,35,37
5053,07,13,16,23,26,37
5054,11,12,22,29,38,39
5055,10,12,17,19,23,26
5056,15,20,29,37,39,41
5057,04,06,07,09,12,24
5058,06,13,19,28,35,39
5059,06,16,27,30,33,39
5060,04,09,26,29,30,33
5061,01,03,04,13,40,41
5062,07,15,22,29,33,40
5063,05,08,17,19,27,34
5064,03,13,17,22,37,38
5065,05,11,22,28,30,31
5066,08,09,14,22,30,35
5067,02,13,17,20,34,41
5068,01,07,11,26,34,36
5069,05,11,12,25,26,29
5070,01,13,14,16,25,37
5071,10,13,21,23,38,40
5072,03,11,13,27,32,37
5073,03,15,16,21,23,29
5074,04,05,13,21,22,40
5075,03,10,11,30,38,39
5076,02,03,05,10,21,39
5077,18,25,26,34,37,39
5078,01,07,13,20,21,38
5079,01,12,19,20,26,28
5080,06,20,21,23,27,35
5081,10,22,25,36,37,41
5082,09,22,26,27,28,34
5083,04,17,20,27,34,38
5084,06,10,13,30,34,38
5085,08,10,12,14,23,32
5086,04,05,14,24,30,33
5087,04,17,19,24,27,35
5088,01,05,09,10,12,17
5089,03,04,09,22,28,39
5090,03,05,11,16,17,23
5091,07,10,14,22,36,37
5092,03,05,06,15,35,38
5093,04,08,12,19,26,32
5094,08,13,16,19,33,38
5095,03,21,24,36,37,38
5096,19,28,31,32,37,41
5097,07,12,24,30,32,40
5098,01,05,20,29,32,37
5099,04,05,07,25,30,35
5100,06,09,11,13,33,34
5101,01,03,09,11,38,39
5102,06,08,14,23,33,39
5103,03,18,27,33,34,39
5104,02,03,06,30,31,41
5105,05,06,11,34,35,38
5106,01,04,11,12,17,30
5107,02,15,17,25,30,37
5108,09,13,20,21,23,30
5109,10,11,15,17,21,37
5110,01,04,19,25,27,35
5111,06,08,14,30,31,39
5112,11,13,14,16,25,41
5113,07,19,25,26,29,40
5114,07,09,10,20,22,27
5115,05,09,17,18,35,37
5116,06,09,13,26,29,41
5117,09,13,15,20,21,26
5118,06,08,09,19,29,33
5119,05,13,17,23,28,35
5120,14,17,23,25,28,41
5121,06,09,11,21,30,39
5122,01,02,13,18,33,34
5123,03,07,15,16,25,36
5124,06,07,18,35,39,40
5125,01,05,19,24,27,40
5126,07,11,16,31,35,40
5127,01,11,12,26,36,41
5128,02,03,06,19,32,34
5129,01,05,28,32,36,41
5130,02,04,17,20,26,36
5131,04,12,15,21,24,31
5132,05,18,22,25,30,35
5133,09,19,23,28,34,36
5134,07,12,21,31,38,41
5135,03,06,14,29,30,32
5136,04,18,24,27,40,41
5137,01,05,08,11,26,28
5138,04,07,17,21,31,38
5139,09,16,19,21,24,32
5140,02,10,14,23,30,36
5141,04,13,24,25,27,29
5142,03,11,14,18,30,31
5143,01,13,26,33,34,36
5144,11,16,27,32,40,41
5145,09,21,22,24,33,37
5146,13,18,26,35,36,38
5147,02,09,20,25,26,30
5148,02,08,27,34,39,41
5149,15,20,28,29,30,37
5150,06,11,13,14,29,32
5151,11,14,30,31,32,40
5152,03,16,22,29,31,35
5153,02,03,10,23,36,40
5154,01,07,15,24,31,40
5155,06,09,14,30,35,41
5156,04,12,22,25,32,37
5157,06,12,13,30,36,38
5158,07,18,19,21,23,24
5159,03,05,19,20,25,28
5160,02,05,11,14,30,36
5161,05,10,14,23,24,34
5162,09,19,22,30,31,33
5163,03,11,14,15,23,41
5164,05,14,15,24,29,34
5165,04,09,14,20,25,37
5166,15,21,26,32,33,40
5167,06,20,24,38,40,41
5168,16,19,23,31,34,37
5169,03,04,11,28,36,41
5170,01,17,18,20,31,37
5171,07,08,23,28,31,34
5172,06,07,08,17,19,25
5173,01,05,09,12,28,31
5174,04,06,10,29,31,40
5175,03,06,09,10,14,34
5176,08,11,12,14,16,34
5177,03,05,20,21,26,40
5178,07,08,15,32,38,41
5179,01,02,06,17,22,29
5180,02,03,16,18,32,41
5181,02,03,07,30,31,40
5182,09,17,21,23,26,30
5183,01,13,19,24,25,30
5184,03,09,10,12,18,35
5185,13,17,22,28,29,35
5186,03,04,06,12,37,41
5187,09,10,18,31,35,38
5188,01,03,04,29,30,37
5189,04,09,20,23,30,39
5190,03,04,13,23,38,39
5191,01,05,10,14,32,38
5192,01,09,12,22,23,40
5193,01,04,08,10,19,29
5194,04,06,23,26,33,39
5195,07,18,20,25,27,30
5196,05,10,13,14,17,30
5197,02,18,20,33,35,41
5198,01,03,05,18,21,38
5199,03,04,19,20,31,32
5200,01,02,16,17,22,35
5201,04,12,13,17,18,28
5202,02,05,09,10,11,20
5203,04,14,20,29,39,40
5204,02,07,15,16,26,28
5205,05,12,19,31,36,37
5206,01,02,15,34,35,36
5207,11,12,20,25,33,39
5208,01,02,06,12,24,29
5209,02,18,21,22,25,39
5210,06,19,20,22,27,32
5211,02,06,15,17,27,37
5212,01,10,19,27,29,33
5213,18,22,32,35,36,39
5214,05,17,20,22,28,41
5215,09,11,22,23,25,31
5216,02,14,19,28,36,41
5217,03,04,15,22,23,27
5218,15,19,25,33,34,38
5219,08,09,22,27,29,40
5220,28,29,31,38,39,40
5221,13,20,23,24,26,40
5222,09,10,24,30,31,33
5223,02,05,10,11,27,40
5224,09,12,16,19,21,30
5225,03,06,12,30,36,40
5226,01,04,07,08,09,19
5227,04,15,21,32,37,39
5228,06,07,10,13,15,34
5229,07,18,21,24,25,27
5230,01,08,18,21,26,41
5231,01,09,16,26,40,41
5232,09,26,27,36,37,41
5233,03,05,07,15,23,25
5234,05,11,24,36,37,39
5235,07,12,13,14,27,34
5236,02,12,15,22,33,37
5237,06,15,18,19,35,41
5238,19,21,22,30,31,40
5239,03,04,08,11,12,37
5240,03,15,20,23,24,37
5241,03,24,29,30,33,40
5242,12,15,22,23,26,38
5243,08,18,32,34,35,39
5244,05,22,26,37,38,40
5245,02,13,18,20,21,24
5246,06,19,23,25,39,40
5247,02,09,11,26,35,40
5248,01,03,13,26,31,37
5249,06,10,23,26,32,39
5250,08,09,26,30,32,33
5251,04,05,09,11,38,41
5252,07,19,27,30,35,40
5253,09,14,23,31,32,34
5254,05,14,18,22,26,29
5255,01,02,05,20,22,28
5256,15,16,23,28,36,38
5257,03,13,16,23,26,36
5258,12,16,20,21,24,40
5259,12,14,16,22,25,34
5260,05,15,18,19,31,33
5261,01,04,13,18,22,23
5262,01,02,08,12,33,35
5263,02,18,23,27,31,37
5264,03,09,12,13,21,34
5265,08,11,13,26,33,41
5266,02,09,10,23,31,35
5267,01,03,09,23,29,31
5268,11,26,27,32,34,38
5269,11,15,17,32,34,35
5270,07,10,13,20,27,28
5271,02,04,06,12,23,30
5272,02,07,24,25,27,36
5273,06,14,22,29,32,40
5274,15,16,17,19,23,41
5275,05,10,13,14,19,22
5276,05,08,15,20,38,40
5277,01,07,26,31,37,40
5278,08,11,12,31,32,33
5279,01,08,17,27,28,33
5280,11,12,15,16,25,33
5281,01,06,14,21,29,32
5282,05,20,25,27,28,41
5283,13,17,19,28,35,39
5284,09,16,27,30,39,40
5285,04,11,15,16,26,28
5286,08,10,18,23,24,27
5287,06,07,14,15,22,25
5288,06,09,23,30,36,41
5289,12,26,28,35,37,38
5290,07,12,18,24,25,40
5291,02,07,18,21,22,31
5292,07,09,20,21,29,30
5293,01,09,14,28,31,37
5294,10,12,14,33,34,41
5295,05,12,19,22,26,30
5296,06,07,13,15,25,32
5297,16,17,19,21,26,27
5298,01,10,18,33,36,39
5299,05,07,21,28,34,41
5300,05,14,18,22,27,37
5301,01,05,14,29,31,37
5302,02,13,18,25,36,38
5303,01,06,24,32,40,41
5304,05,12,20,24,27,36
5305,09,15,16,18,26,31
5306,15,18,23,33,36,37
5307,13,19,20,24,27,36
5308,25,32,33,34,36,39
5309,01,13,15,16,21,25
5310,12,13,16,17,31,33
5311,05,08,09,10,13,33
5312,07,09,16,19,23,24
5313,03,10,21,23,25,26
5314,09,15,18,30,31,38
5315,01,02,22,23,31,41
5316,05,07,24,26,40,41
5317,08,11,19,30,35,36
5318,03,13,18,20,28,33
5319,01,06,13,17,32,38
5320,02,08,15,23,37,38
5321,02,08,25,28,31,41
5322,06,07,12,26,28,40
5323,02,06,12,15,18,24
5324,03,17,20,23,27,29
5325,05,07,08,25,36,37
5326,01,02,14,20,27,28
5327,02,03,07,13,18,37
5328,04,13,16,31,35,40
5329,04,19,22,29,36,40
5330,01,18,21,24,28,40
5331,08,15,21,27,34,39
5332,08,12,26,28,30,35
5333,09,10,13,28,29,39
5334,10,16,20,24,39,40
5335,10,11,20,26,30,37
5336,05,11,16,23,27,30
5337,02,08,28,30,36,40
5338,10,11,17,23,30,39
5339,04,05,07,21,23,33
5340,05,06,08,27,35,41
5341,07,08,19,25,26,27
5342,02,05,17,22,24,41
5343,04,15,18,21,30,40
5344,02,05,14,20,23,28
5345,03,10,21,25,27,28
5346,02,03,10,15,21,26
5347,02,11,14,19,20,39
5348,08,15,18,30,35,36
5349,08,20,22,23,25,26
5350,01,12,14,24,29,30
5351,03,05,15,23,29,31
5352,03,12,15,17,34,39
5353,05,07,14,20,27,28
5354,19,23,35,36,37,38
5355,02,10,16,17,26,32
5356,02,04,16,24,26,33
5357,02,03,21,31,38,41
5358,03,09,17,19,20,26
5359,08,10,12,22,32,40
5360,02,11,21,22,38,41
5361,11,14,18,19,28,35
5362,04,06,26,27,38,39
5363,07,17,18,20,33,36
5364,02,07,08,27,30,31
5365,07,13,17,19,21,36
5366,19,23,25,32,39,40
5367,17,21,22,25,27,38
5368,09,12,13,23,31,32
5369,10,13,15,16,28,38
5370,02,08,14,30,40,41
5371,10,13,16,31,32,37
5372,10,11,14,18,34,35
5373,01,05,08,14,26,28
5374,24,29,30,32,37,40
5375,04,10,23,29,37,40
5376,01,03,07,09,19,39
5377,15,19,26,29,33,35
5378,09,16,18,28,34,41
5379,12,15,16,19,27,34
5380,04,05,20,22,32,41
5381,02,05,16,24,33,34
5382,01,21,23,24,28,36
5383,07,08,17,31,35,40
5384,01,04,05,06,14,34
5385,03,17,21,28,31,39
5386,04,15,16,18,26,41
5387,09,22,25,33,37,39
5388,08,16,22,29,34,36
5389,09,27,31,32,35,41
5390,02,17,21,24,27,35
5391,07,10,29,31,35,41
5392,02,05,15,25,27,37
5393,03,10,17,22,34,39
5394,02,16,17,18,23,33
5395,13,16,25,27,28,33
5396,05,13,15,24,26,41
5397,03,04,13,19,29,41
5398,16,28,31,34,37,41
5399,02,07,15,31,36,41
5400,03,06,14,15,21,30
5401,10,12,14,17,18,36
5402,01,03,29,31,34,36
5403,14,15,18,21,22,33
5405,03,09,12,15,26,29
5406,06,16,17,19,33,40
5407,02,17,18,23,28,34
5408,05,11,13,16,21,35
5409,06,18,20,23,26,36
5410,06,18,24,27,35,41
5411,22,24,29,32,38,41
5412,23,24,28,29,32,40
5413,02,15,17,24,31,39
5414,01,18,27,32,39,40
5415,04,07,11,17,21,33
5416,10,11,12,23,31,36
5417,08,11,24,26,30,33
5418,05,07,28,31,33,39
5419,05,12,13,14,26,41
5420,02,14,21,24,30,31
5421,04,08,19,23,24,36
5422,05,11,22,27,36,41
5423,02,08,14,26,38,39
5424,02,05,11,16,17,22
5425,06,08,22,25,26,37
5426,06,07,13,15,24,28
5427,06,09,14,15,16,34
5428,07,16,20,27,28,40
5429,01,16,21,28,39,40
5430,15,17,19,23,29,40
5431,04,10,26,29,33,35
5432,19,21,22,25,27,39
5433,01,04,05,13,33,36
5434,01,16,23,26,36,37
5435,01,02,13,18,28,34
5436,07,10,11,13,14,19
5437,05,15,21,23,31,33
5438,16,19,26,30,37,38
5439,03,19,33,36,38,41
5440,06,27,30,31,36,41
5441,09,10,17,21,28,39
5442,05,12,17,19,21,38
5443,06,17,24,28,36,39
5444,02,03,06,12,25,28
5445,01,13,18,21,29,36
5446,02,11,22,27,31,34
5447,14,23,25,28,33,38
5448,04,05,15,26,28,39
5449,01,07,09,14,21,24
5450,05,13,16,19,22,36
5451,03,06,14,16,27,32
5452,03,08,12,29,34,39
5453,01,04,12,14,19,23
5454,15,17,18,27,29,36
5455,05,18,19,30,32,39
5456,08,18,21,24,29,33
5457,08,14,16,23,24,41
5458,05,09,13,25,29,35
5459,14,25,26,29,35,38
5460,06,17,19,24,31,40
5461,05,15,25,27,35,40
5462,05,08,16,20,23,36
