sorteo,fecha,numeros,comodin
4333,2019-05-23,22 26 27 28 29 38,08
4334,2019-05-26,5 6 9 16 30 35,15
4335,2019-05-28,7 11 17 18 39 40,36
4336,2019-05-30,1 15 21 34 35 37,27
4337,2019-06-02,20 25 27 30 32 40,39
4338,2019-06-04,1 6 12 18 29 36,10
4339,2019-06-06,4 7 9 16 18 39,17
4340,2019-06-09,1 9 18 20 30 36,11
4341,2019-06-11,1 2 6 22 28 29,18
4342,2019-06-13,3 5 11 24 25 35,10
4343,2019-06-16,2 19 23 28 29 34,31
4344,2019-06-18,2 9 11 15 16 20,25
4345,2019-06-20,5 17 25 27 30 41,34
4346,2019-06-23,1 14 22 24 26 39,35
4347,2019-06-25,4 22 28 29 30 38,18
4348,2019-06-27,6 7 12 22 38 40,17
4349,2019-06-30,5 8 9 26 28 35,23
4350,2019-07-02,2 11 12 14 15 19,17
4351,2019-07-04,2 9 15 17 32 39,35
4352,2019-07-07,13 14 15 16 29 36,02
4353,2019-07-09,14 23 27 32 39 40,20
4354,2019-07-11,4 7 15 22 25 35,16
4355,2019-07-14,2 12 28 30 31 37,27
4356,2019-07-16,5 8 13 14 31 32,09
4357,2019-07-18,10 20 28 29 31 34,03
4358,2019-07-21,17 19 21 24 30 38,07
4359,2019-07-23,10 16 20 27 32 33,35
4360,2019-07-25,2 5 9 19 23 27,38
4361,2019-07-28,2 4 16 26 27 31,37
4362,2019-07-30,8 15 19 22 29 37,13
4363,2019-08-01,7 14 17 18 29 31,13
4364,2019-08-04,11 13 19 35 37 39,41
4365,2019-08-06,15 19 20 22 34 37,02
4366,2019-08-08,9 13 24 31 36 41,05
4367,2019-08-11,2 3 12 20 21 32,31
4368,2019-08-13,15 20 22 24 29 35,09
4369,2019-08-15,1 6 17 23 26 33,29
4370,2019-08-18,3 16 17 18 22 23,07
4371,2019-08-20,1 10 14 22 25 38,30
4372,2019-08-22,14 23 27 28 36 41,34
4373,2019-08-25,2 11 28 29 35 38,27
4374,2019-08-27,3 16 25 28 33 37,15
4375,2019-08-29,1 3 14 28 38 39,25
4376,2019-09-01,2 4 11 20 26 37,24
4377,2019-09-03,2 14 20 27 28 35,10
4378,2019-09-05,3 7 8 30 31 41,18
4379,2019-09-08,17 30 31 32 35 39,23
4380,2019-09-10,1 2 7 18 20 30,40
4381,2019-09-12,6 16 24 38 39 40,21
4382,2019-09-15,3 6 7 20 25 37,02
4383,2019-09-17,21 22 26 29 34 39,20
4384,2019-09-19,3 12 17 21 32 35,23
4385,2019-09-22,2 9 10 14 29 35,08
4386,2019-09-24,11 13 21 29 31 38,23
4387,2019-09-26,6 8 15 17 26 36,32
4388,2019-09-29,3 5 18 24 29 30,22
4389,2019-10-01,4 10 19 29 35 40,01
4390,2019-10-03,5 6 16 20 29 40,30
4391,2019-10-06,2 4 6 23 25 35,33
4392,2019-10-08,2 5 14 16 27 34,37
4393,2019-10-10,12 13 20 26 28 36,10
4394,2019-10-13,4 6 10 15 20 40,31
4395,2019-10-15,11 16 21 25 27 30,33
4396,2019-10-17,7 11 13 18 26 34,35
4397,2019-10-20,6 10 12 19 21 37,13
4398,2019-10-22,6 17 28 30 34 41,29
4399,2019-10-24,1 10 13 27 28 32,03
4400,2019-10-27,3 10 21 31 34 38,28
4401,2019-10-29,2 10 16 22 29 35,06
4402,2019-10-31,14 21 23 37 38 40,18
4403,2019-11-03,1 13 19 20 21 37,24
4404,2019-11-05,8 17 23 24 32 35,16
4405,2019-11-07,10 18 22 25 26 28,20
4406,2019-11-10,4 26 28 31 34 41,19
4407,2019-11-12,5 7 10 16 24 34,37
4408,2019-11-14,15 18 28 33 35 41,21
4409,2019-11-17,9 20 21 22 30 34,03
4410,2019-11-19,2 8 19 29 32 40,03
4411,2019-11-21,1 9 11 13 23 30,12
4412,2019-11-24,1 13 17 19 27 38,30
4413,2019-11-26,9 11 21 25 35 37,34
4414,2019-11-28,3 6 18 22 31 33,41
4415,2019-12-01,2 3 8 13 20 30,19
4416,2019-12-03,6 7 18 32 34 37,30
4417,2019-12-05,2 9 20 22 31 41,15
4418,2019-12-08,2 6 9 12 23 38,15
4419,2019-12-10,2 3 23 27 34 35,33
4420,2019-12-12,1 15 18 23 34 37,19
4421,2019-12-15,21 24 31 32 37 39,41
4422,2019-12-17,7 9 14 19 35 40,17
4423,2019-12-19,10 13 20 33 39 41,18
4424,2019-12-22,4 15 23 25 28 32,11
4425,2019-12-24,3 17 18 24 38 39,20
4426,2019-12-26,1 2 4 17 36 41,26
4427,2019-12-29,8 13 21 25 30 41,17
4428,2019-12-31,14 18 19 22 26 31,41
4429,2020-01-02,7 24 26 29 36 40,28
4430,2020-01-05,12 14 18 19 25 33,23
4431,2020-01-07,2 5 27 33 35 38,34
4432,2020-01-09,4 7 11 13 17 41,28
4433,2020-01-12,6 8 14 23 33 39,03
4434,2020-01-14,6 15 25 27 32 33,34
4435,2020-01-16,6 11 18 23 24 41,10
4436,2020-01-19,16 17 18 19 32 37,29
4437,2020-01-21,5 13 17 26 27 32,24
4438,2020-01-23,6 16 22 23 26 29,03
4439,2020-01-26,2 3 4 15 23 38,34
4440,2020-01-28,4 8 11 21 36 40,26
4441,2020-01-30,3 10 20 32 33 38,16
4442,2020-02-02,18 23 24 30 35 36,11
4443,2020-02-04,14 22 28 31 36 39,12
4444,2020-02-06,16 20 22 24 31 35,18
4445,2020-02-09,1 18 21 23 31 39,12
4446,2020-02-11,4 8 24 26 34 36,38
4447,2020-02-13,4 18 19 20 32 41,07
4448,2020-02-16,3 16 21 28 34 36,18
4449,2020-02-18,5 20 23 33 35 39,36
4450,2020-02-20,2 12 19 24 27 38,20
4451,2020-02-23,5 8 18 22 29 31,32
4452,2020-02-25,5 9 17 20 33 37,38
4453,2020-02-27,13 24 29 34 36 37,31
4454,2020-03-01,12 25 31 34 38 41,01
4455,2020-03-03,5 11 17 18 22 24,25
4456,2020-03-05,5 11 15 22 29 40,41
4457,2020-03-08,17 18 20 27 28 29,01
4458,2020-03-10,4 8 11 17 19 23,32
4459,2020-03-12,2 7 15 16 29 31,10
4460,2020-03-15,5 15 21 31 34 38,03
4461,2020-03-17,7 17 26 28 34 36,02
4462,2020-03-19,2 11 14 22 33 40,37
4463,2020-03-22,10 11 15 23 31 36,06
4464,2020-03-24,4 9 13 16 25 39,20
4465,2020-03-26,4 10 23 27 28 33,40
4466,2020-03-29,2 11 22 24 25 27,19
4467,2020-03-31,15 22 23 34 39 41,04
4468,2020-04-02,8 17 21 26 29 38,01
4469,2020-04-05,5 13 20 29 30 39,15
4470,2020-04-07,2 5 23 30 32 38,28
4471,2020-04-09,3 8 16 31 33 35,22
4472,2020-04-12,8 10 14 17 25 32,18
4473,2020-04-14,7 14 27 32 40 41,20
4474,2020-04-16,6 8 9 23 30 40,27
4475,2020-04-19,1 20 23 25 30 31,33
4476,2020-04-21,1 2 4 12 17 34,28
4477,2020-04-23,8 29 32 36 37 40,25
4478,2020-04-26,1 14 19 21 25 37,30
4479,2020-04-28,8 16 18 29 32 35,07
4480,2020-04-30,12 16 19 20 21 25,13
4481,2020-05-03,5 16 22 28 36 39,23
4482,2020-05-05,6 12 29 35 39 40,11
4483,2020-05-07,11 15 23 27 34 36,29
4484,2020-05-10,3 6 9 13 14 32,23
4485,2020-05-12,11 13 20 21 26 29,08
4486,2020-05-14,1 8 23 26 32 37,40
4487,2020-05-17,6 7 17 26 29 32,10
4488,2020-05-19,6 8 12 22 27 30,41
4489,2020-05-21,11 14 19 20 30 37,12
4490,2020-05-24,1 23 28 29 33 38,14
4491,2020-05-26,1 3 7 11 26 35,22
4492,2020-05-28,12 16 20 26 34 40,41
4493,2020-05-31,3 11 12 20 25 31,27
4494,2020-06-02,9 12 17 19 26 40,03
4495,2020-06-04,14 17 18 21 28 34,32
4496,2020-06-07,8 10 16 24 31 34,40
4497,2020-06-09,11 23 32 36 40 41,22
4498,2020-06-11,7 12 22 24 25 26,41
4499,2020-06-14,12 13 14 17 21 25,38
4500,2020-06-16,15 21 22 23 25 36,19
4501,2020-06-18,2 4 7 21 26 32,37
4502,2020-06-21,1 8 17 31 33 39,11
4503,2020-06-23,13 25 27 30 32 41,37
4504,2020-06-25,3 7 24 26 27 38,15
4505,2020-06-28,1 18 24 26 30 32,09
4506,2020-06-30,11 13 32 35 37 38,01
4507,2020-07-02,3 25 26 28 35 41,11
4508,2020-07-05,8 10 27 28 38 41,25
4509,2020-07-07,13 14 15 32 38 40,21
4510,2020-07-09,8 10 11 14 15 20,06
4511,2020-07-12,1 5 11 32 33 34,20
4512,2020-07-14,2 9 17 32 37 39,40
4513,2020-07-16,17 22 33 35 36 41,18
4514,2020-07-19,4 8 10 30 34 40,18
4515,2020-07-21,1 4 26 28 38 40,24
4516,2020-07-23,3 12 19 23 26 35,16
4517,2020-07-26,11 13 22 23 29 34,31
4518,2020-07-28,8 15 21 29 33 39,24
4519,2020-07-30,1 10 11 14 35 38,18
4520,2020-08-02,2 4 6 22 23 27,33
4521,2020-08-04,3 9 21 35 36 39,01
4522,2020-08-06,2 8 10 21 28 38,05
4523,2020-08-09,6 7 11 18 26 40,39
4524,2020-08-11,10 13 14 16 25 32,35
4525,2020-08-13,7 11 12 29 31 38,23
4526,2020-08-16,5 21 22 26 33 37,36
4527,2020-08-18,2 14 17 20 26 39,13
4528,2020-08-20,10 13 16 32 33 40,24
4529,2020-08-23,15 19 25 30 38 40,13
4530,2020-08-25,4 9 13 15 33 40,07
4531,2020-08-27,5 11 13 23 30 33,10
4532,2020-08-30,10 18 28 33 35 36,12
4533,2020-09-01,9 11 12 22 40 41,01
4534,2020-09-03,9 11 21 25 26 38,19
4535,2020-09-06,1 3 11 24 31 36,39
4536,2020-09-08,2 3 18 24 32 40,14
4537,2020-09-10,2 23 28 33 40 41,17
4538,2020-09-13,2 5 6 20 25 31,32
4539,2020-09-15,5 7 15 21 26 41,22
4540,2020-09-17,5 10 24 25 29 33,26
4541,2020-09-20,10 18 23 26 31 37,36
4542,2020-09-22,1 4 5 10 18 24,17
4543,2020-09-24,2 6 21 25 27 37,40
4544,2020-09-27,4 5 16 26 29 37,02
4545,2020-09-29,12 16 29 30 35 38,15
4546,2020-10-01,2 5 11 13 24 33,36
4547,2020-10-04,5 7 28 29 34 38,01
4548,2020-10-06,11 14 17 29 33 40,19
4549,2020-10-08,6 15 16 33 34 37,18
4550,2020-10-11,4 11 14 20 29 32,23
4551,2020-10-13,1 15 19 23 28 29,02
4552,2020-10-15,10 11 16 28 34 36,12
4553,2020-10-18,1 4 20 24 33 35,14
4554,2020-10-20,4 6 9 21 27 31,19
4555,2020-10-22,5 9 16 17 20 24,12
4556,2020-10-25,13 18 26 36 37 39,03
4557,2020-10-27,15 17 18 25 27 35,34
4558,2020-10-29,4 11 14 18 23 33,36
4559,2020-11-01,4 17 19 22 27 38,25
4560,2020-11-03,2 26 27 36 37 39,17
4561,2020-11-05,8 20 33 35 38 40,26
4562,2020-11-08,24 25 29 30 40 41,02
4563,2020-11-10,5 16 32 34 40 41,20
4564,2020-11-12,9 14 15 19 27 41,21
4565,2020-11-15,2 29 31 33 36 41,06
4566,2020-11-17,5 18 19 27 37 39,26
4567,2020-11-19,9 20 28 37 38 39,30
4568,2020-11-22,2 13 20 24 25 36,28
4569,2020-11-24,8 9 11 14 29 39,03
4570,2020-11-26,10 16 17 24 28 32,04
4571,2020-11-29,8 32 37 39 40 41,29
4572,2020-12-01,1 2 13 14 31 36,25
4573,2020-12-03,8 11 17 23 27 37,30
4574,2020-12-06,5 6 9 15 22 29,23
4575,2020-12-08,13 15 16 17 33 38,31
4576,2020-12-10,2 7 12 35 37 39,14
4577,2020-12-13,5 7 14 32 36 40,02
4578,2020-12-15,4 7 9 21 29 34,41
4579,2020-12-17,12 14 27 30 39 40,07
4580,2020-12-20,3 7 12 20 33 37,14
4581,2020-12-22,9 11 12 13 22 36,40
4582,2020-12-24,6 11 13 20 21 30,19
4583,2020-12-27,2 3 12 13 22 27,36
4584,2020-12-29,1 2 8 24 29 40,34
4585,2020-12-31,12 18 27 34 35 41,22
4586,2021-01-03,1 22 35 36 37 40,05
4587,2021-01-05,4 8 15 16 31 41,29
4588,2021-01-07,5 15 19 32 36 37,18
4589,2021-01-10,4 15 16 33 35 37,30
4590,2021-01-12,3 10 19 23 36 41,26
4591,2021-01-14,12 14 24 30 31 32,40
4592,2021-01-17,7 10 11 17 18 32,33
4593,2021-01-19,9 13 14 17 24 38,32
4594,2021-01-21,7 11 14 26 27 30,21
4595,2021-01-24,8 12 14 20 30 39,03
4596,2021-01-26,4 10 11 14 28 41,27
4597,2021-01-28,20 22 29 35 36 37,41
4598,2021-01-31,12 15 29 31 33 34,18
4599,2021-02-02,2 3 12 14 22 37,06
4600,2021-02-04,15 19 24 30 34 39,21
4601,2021-02-07,2 11 23 30 37 40,39
4602,2021-02-09,13 19 26 27 37 41,18
4603,2021-02-11,2 3 6 7 29 36,22
4604,2021-02-14,15 17 21 26 30 36,18
4605,2021-02-16,5 11 13 19 26 32,08
4606,2021-02-18,3 5 6 12 14 19,16
4607,2021-02-21,3 13 19 33 34 36,26
4608,2021-02-23,5 8 11 14 20 23,26
4609,2021-02-25,1 2 19 28 36 37,24
4610,2021-02-28,1 7 14 20 26 38,34
4611,2021-03-02,19 22 24 31 38 41,08
4612,2021-03-04,4 18 27 28 30 33,15
4613,2021-03-07,2 8 21 32 35 39,27
4614,2021-03-09,1 10 22 31 38 41,28
4615,2021-03-11,5 6 11 20 30 37,38
4616,2021-03-14,14 18 24 29 35 37,02
4617,2021-03-16,4 9 11 22 25 39,20
4618,2021-03-18,15 18 21 23 24 36,28
4619,2021-03-21,13 30 32 34 36 41,01
4620,2021-03-23,8 12 19 22 26 37,41
4621,2021-03-25,11 16 24 32 36 39,41
4622,2021-03-28,2 5 8 11 17 25,36
4623,2021-03-30,12 16 20 21 22 35,32
4624,2021-04-01,8 12 16 24 25 37,41
4625,2021-04-04,2 8 23 24 30 34,28
4626,2021-04-06,3 8 17 20 25 32,26
4627,2021-04-08,11 12 13 16 33 39,40
4628,2021-04-11,1 9 31 33 37 41,40
4629,2021-04-13,7 10 12 17 21 27,41
4630,2021-04-15,19 21 25 27 37 40,12
4631,2021-04-18,6 8 16 29 31 34,05
4632,2021-04-20,3 19 20 28 36 41,09
4633,2021-04-22,11 17 22 23 32 39,03
4634,2021-04-25,6 9 15 31 33 39,10
4635,2021-04-27,24 25 30 38 40 41,02
4636,2021-04-29,5 10 24 26 31 37,22
4637,2021-05-02,4 10 18 26 31 38,20
4638,2021-05-04,2 11 20 21 23 36,37
4639,2021-05-06,12 18 26 33 37 40,27
4640,2021-05-09,10 17 22 27 32 36,09
4641,2021-05-11,1 6 13 23 30 37,32
4642,2021-05-13,5 6 21 31 37 41,33
4643,2021-05-16,3 9 19 22 37 38,16
4644,2021-05-18,6 11 12 13 19 21,30
4645,2021-05-20,6 14 17 18 34 38,36
4646,2021-05-23,21 22 23 33 34 37,18
4647,2021-05-25,13 22 26 33 37 39,40
4648,2021-05-27,8 18 20 21 22 31,04
4649,2021-05-30,1 10 13 17 24 39,23
4650,2021-06-01,5 10 13 33 36 38,37
4651,2021-06-03,4 18 26 33 34 37,05
4652,2021-06-06,12 13 14 17 31 32,06
4653,2021-06-08,12 18 19 28 36 39,40
4654,2021-06-10,2 12 15 21 27 39,11
4655,2021-06-13,8 14 19 34 37 41,10
4656,2021-06-15,4 12 21 24 35 36,15
4657,2021-06-17,10 15 23 34 35 38,36
4658,2021-06-20,1 20 32 34 37 41,02
4659,2021-06-22,4 16 20 24 36 37,41
4660,2021-06-24,3 21 22 26 28 29,37
4661,2021-06-27,4 7 9 24 27 33,31
4662,2021-06-29,10 13 26 34 35 39,03
4663,2021-07-01,7 9 16 24 27 36,31
4664,2021-07-04,6 8 10 11 19 35,15
4665,2021-07-06,16 17 18 24 33 40,20
4666,2021-07-08,7 10 13 21 22 41,08
4667,2021-07-11,9 13 19 27 29 32,23
4668,2021-07-13,5 7 18 27 38 39,04
4669,2021-07-15,3 15 19 21 27 41,33
4670,2021-07-18,12 14 18 29 31 38,01
4671,2021-07-20,15 20 25 28 33 37,24
4672,2021-07-22,2 4 18 23 33 36,32
4673,2021-07-25,7 12 19 20 34 35,37
4674,2021-07-27,1 9 10 19 28 38,18
4675,2021-07-29,5 7 9 17 29 31,38
4676,2021-08-01,4 6 18 22 26 35,28
4677,2021-08-03,3 17 27 30 36 37,21
4678,2021-08-05,3 14 22 37 38 39,25
4679,2021-08-08,7 11 20 26 27 37,34
4680,2021-08-10,4 32 33 34 38 41,11
4681,2021-08-12,1 11 19 26 30 34,14
4682,2021-08-15,5 7 9 15 18 40,19
4683,2021-08-17,8 19 24 36 39 40,41
4684,2021-08-19,17 22 26 35 37 38,36
4685,2021-08-22,5 13 14 25 26 35,21
4686,2021-08-24,1 2 4 7 19 30,08
4687,2021-08-26,16 21 24 30 35 38,17
4688,2021-08-29,2 15 16 23 28 32,24
4689,2021-08-31,8 14 20 23 29 35,40
4690,2021-09-02,6 33 35 38 39 40,36
4691,2021-09-05,12 21 26 37 38 39,09
4692,2021-09-07,6 26 27 29 32 35,16
4693,2021-09-09,1 15 18 20 25 38,10
4694,2021-09-12,10 14 16 22 35 41,06
4695,2021-09-14,17 18 25 27 32 38,23
4696,2021-09-16,8 11 17 19 24 32,03
4697,2021-09-19,1 6 7 13 32 34,18
4698,2021-09-21,3 21 22 35 38 39,09
4699,2021-09-23,6 7 9 14 23 30,15
4700,2021-09-26,10 11 18 20 29 33,02
4701,2021-09-28,7 8 12 30 31 40,34
4702,2021-09-30,5 17 23 25 26 39,08
4703,2021-10-03,7 11 14 21 33 38,28
4704,2021-10-05,4 6 18 20 29 33,32
4705,2021-10-07,8 12 14 21 24 34,35
4706,2021-10-10,14 24 30 31 39 41,26
4707,2021-10-12,4 5 17 25 32 36,14
4708,2021-10-14,1 4 12 15 19 27,33
4709,2021-10-17,4 15 20 31 35 36,29
4710,2021-10-19,9 12 20 25 29 33,02
4711,2021-10-21,1 2 4 5 10 16,19
4712,2021-10-24,2 9 11 15 18 38,32
4713,2021-10-26,4 6 14 29 39 41,08
4714,2021-10-28,9 10 16 26 31 38,03
4715,2021-10-31,3 18 19 21 29 37,23
4716,2021-11-02,8 16 17 24 33 38,29
4717,2021-11-04,1 6 16 33 37 38,19
4718,2021-11-07,2 10 22 27 38 41,36
4719,2021-11-09,15 19 27 30 36 41,08
4720,2021-11-11,16 19 23 26 40 41,30
4721,2021-11-14,13 14 23 28 31 34,09
4722,2021-11-16,15 18 29 30 32 33,16
4723,2021-11-18,1 6 29 31 35 37,07
4724,2021-11-21,2 10 16 27 36 39,14
4725,2021-11-23,3 8 9 20 21 39,34
4726,2021-11-25,2 13 26 27 37 41,18
4727,2021-11-28,3 4 19 24 26 31,38
4728,2021-11-30,11 27 31 33 37 41,07
4729,2021-12-02,1 6 15 18 19 41,24
4730,2021-12-05,4 5 7 10 20 39,12
4731,2021-12-07,1 5 16 27 36 37,15
4732,2021-12-09,1 3 8 10 35 38,26
4733,2021-12-12,12 14 17 19 31 38,39
4734,2021-12-14,5 14 15 26 28 38,01
4735,2021-12-16,7 10 20 30 35 37,04
4736,2021-12-19,3 11 12 16 20 38,09
4737,2021-12-21,2 14 23 38 40 41,10
4738,2021-12-23,3 7 16 21 30 41,20
4739,2021-12-26,5 10 11 22 23 35,01
4740,2021-12-28,1 8 17 24 25 36,22
4741,2021-12-30,5 24 26 28 39 41,10
4742,2022-01-02,8 16 22 32 34 36,14
4743,2022-01-04,3 8 9 15 16 37,40
4744,2022-01-06,4 6 19 24 28 35,41
4745,2022-01-09,5 14 15 17 19 22,24
4746,2022-01-11,8 21 22 25 31 32,05
4747,2022-01-13,5 15 17 23 27 39,02
4748,2022-01-16,3 4 13 17 36 39,05
4749,2022-01-18,10 15 20 26 28 33,12
4750,2022-01-20,9 11 15 16 24 33,17
4751,2022-01-23,2 14 15 27 34 40,01
4752,2022-01-25,9 11 13 24 27 38,31
4753,2022-01-27,6 11 12 26 35 41,34
4754,2022-01-30,12 25 31 32 38 39,06
4755,2022-02-01,12 16 22 30 35 37,41
4756,2022-02-03,8 10 29 30 31 38,01
4757,2022-02-06,4 23 24 30 33 41,09
4758,2022-02-08,17 18 19 31 35 38,09
4759,2022-02-10,7 11 12 28 33 35,13
4760,2022-02-13,1 5 15 26 31 40,16
4761,2022-02-15,1 12 17 22 37 39,02
4762,2022-02-17,1 22 23 25 29 32,10
4763,2022-02-20,7 12 23 32 39 41,40
4764,2022-02-22,5 10 19 20 28 40,36
4765,2022-02-24,6 7 12 14 25 31,22
4766,2022-02-27,2 12 27 28 30 40,04
4767,2022-03-01,5 8 14 15 22 41,37
4768,2022-03-03,3 6 7 10 31 38,16
4769,2022-03-06,1 6 29 30 37 41,32
4770,2022-03-08,3 12 14 20 23 31,07
4771,2022-03-10,4 10 12 21 30 36,17
4772,2022-03-13,2 12 13 16 36 37,41
4773,2022-03-15,11 15 21 25 35 36,09
4774,2022-03-17,15 20 23 25 31 36,11
4775,2022-03-20,2 3 19 35 38 41,36
4776,2022-03-22,6 11 13 15 26 37,33
4777,2022-03-24,9 10 18 21 22 27,11
4778,2022-03-27,5 13 24 36 37 41,26
4779,2022-03-29,2 5 6 7 21 40,04
4780,2022-03-31,12 14 15 19 20 29,39
4781,2022-04-03,1 4 11 12 23 31,33
4782,2022-04-05,5 15 27 30 35 39,08
4783,2022-04-07,3 14 23 28 29 41,16
4784,2022-04-10,7 9 13 14 29 31,06
4785,2022-04-12,5 12 25 37 38 41,20
4786,2022-04-14,2 3 21 24 32 41,20
4787,2022-04-17,8 23 31 33 35 39,11
4788,2022-04-19,10 14 20 22 24 35,21
4789,2022-04-21,4 12 20 29 35 39,40
4790,2022-04-24,5 14 17 18 29 37,21
4791,2022-04-26,2 12 14 20 36 38,09
4792,2022-04-28,1 9 11 24 30 31,17
4793,2022-05-01,6 18 21 22 29 32,28
4794,2022-05-03,16 17 20 26 27 36,28
4795,2022-05-05,1 4 8 25 33 41,09
4796,2022-05-08,3 17 26 28 29 40,16
4797,2022-05-10,3 13 19 20 30 36,38
4798,2022-05-12,7 13 15 21 22 40,03
4799,2022-05-15,13 14 15 21 23 39,28
4800,2022-05-17,3 5 15 25 31 32,40
4801,2022-05-19,9 16 21 22 26 41,15
4802,2022-05-22,2 15 19 23 25 37,01
4803,2022-05-24,4 7 18 21 37 41,03
4804,2022-05-26,15 16 17 26 36 40,14
4805,2022-05-29,13 15 25 30 39 40,03
4806,2022-05-31,4 14 19 23 29 30,17
4807,2022-06-02,17 20 22 25 27 28,23
4808,2022-06-05,2 15 24 25 32 40,12
4809,2022-06-07,4 11 28 33 38 41,07
4810,2022-06-09,16 18 21 29 32 37,08
4811,2022-06-12,7 8 17 21 31 33,38
4812,2022-06-14,8 11 15 31 34 40,41
4813,2022-06-16,5 14 22 29 32 35,17
4814,2022-06-19,3 5 15 22 31 39,14
4815,2022-06-21,1 8 10 19 37 40,30
4816,2022-06-23,27 29 30 31 32 36,13
4817,2022-06-26,7 10 15 23 29 35,13
4818,2022-06-28,4 6 21 22 27 39,37
4819,2022-06-30,3 15 21 25 28 33,23
4820,2022-07-03,1 9 19 28 39 41,24
4821,2022-07-05,1 8 20 30 36 40,03
4822,2022-07-07,6 27 32 37 38 39,40
4823,2022-07-10,7 16 21 22 37 41,30
4824,2022-07-12,4 7 17 32 38 40,01
4825,2022-07-14,2 14 16 20 26 34,08
4826,2022-07-17,6 8 12 17 27 35,28
4827,2022-07-19,6 8 11 14 19 31,01
4828,2022-07-21,2 19 29 33 34 41,20
4829,2022-07-24,2 4 10 15 31 38,05
4830,2022-07-26,1 10 15 20 24 36,23
4831,2022-07-28,1 10 17 25 28 39,34
4832,2022-07-31,6 9 13 15 16 22,19
4833,2022-08-02,1 7 8 9 13 16,23
4834,2022-08-04,1 2 4 17 19 36,07
4835,2022-08-07,2 15 19 30 38 40,28
4836,2022-08-09,1 4 8 11 15 31,20
4837,2022-08-11,4 7 9 31 33 40,06
4838,2022-08-14,2 7 12 34 35 41,10
4839,2022-08-16,5 9 10 17 26 38,27
4840,2022-08-18,6 8 26 33 34 37,23
4841,2022-08-21,12 16 19 22 25 37,38
4842,2022-08-23,5 6 11 13 15 28,40
4843,2022-08-25,10 12 14 15 34 39,38
4844,2022-08-28,1 10 14 25 33 40,03
4845,2022-08-30,3 13 17 34 38 41,04
4846,2022-09-01,12 18 23 29 36 40,37
4847,2022-09-04,19 29 30 38 39 41,34
4848,2022-09-06,7 8 21 23 27 31,05
4849,2022-09-08,21 23 30 34 38 40,07
4850,2022-09-11,12 17 26 30 34 41,03
4851,2022-09-13,5 11 16 33 34 35,09
4852,2022-09-15,2 5 9 19 23 24,08
4853,2022-09-18,3 11 16 20 21 40,07
4854,2022-09-20,2 13 14 24 33 36,21
4855,2022-09-22,1 3 4 8 13 36,14
4856,2022-09-25,6 10 28 34 37 41,23
4857,2022-09-27,9 13 23 25 27 40,04
4858,2022-09-29,11 15 19 20 31 38,08
4859,2022-10-02,2 13 19 21 33 34,05
4860,2022-10-04,10 24 28 32 33 39,13
4861,2022-10-06,1 2 11 23 29 36,05
4862,2022-10-09,1 10 13 22 37 39,27
4863,2022-10-11,1 16 17 25 29 35,02
4864,2022-10-13,1 2 3 20 35 40,11
4865,2022-10-16,1 15 16 21 27 33,28
4866,2022-10-18,8 21 22 30 33 38,12
4867,2022-10-20,5 14 19 20 22 37,28
4868,2022-10-23,3 17 29 30 31 35,25
4869,2022-10-25,1 13 21 23 29 41,33
4870,2022-10-27,3 5 9 29 34 37,32
4871,2022-10-30,8 9 11 17 22 39,06
4872,2022-11-01,5 16 28 30 31 38,29
4873,2022-11-03,5 12 21 25 29 36,23
4874,2022-11-06,2 9 14 15 29 36,08
4875,2022-11-08,3 6 11 17 31 36,34
4876,2022-11-10,4 12 19 21 22 36,07
4877,2022-11-13,1 14 15 26 28 35,18
4878,2022-11-15,3 12 24 35 36 37,02
4879,2022-11-17,4 12 23 25 29 37,26
4880,2022-11-20,2 17 22 23 29 31,10
4881,2022-11-22,2 20 22 30 38 41,32
4882,2022-11-24,3 18 31 37 38 40,24
4883,2022-11-27,5 6 24 29 33 34,17
4884,2022-11-29,7 8 14 24 29 40,16
4885,2022-12-01,2 5 7 11 18 37,14
4886,2022-12-04,12 16 31 35 37 40,32
4887,2022-12-06,12 20 23 31 32 33,09
4888,2022-12-08,2 10 14 20 29 38,13
4889,2022-12-11,2 20 24 26 30 34,14
4890,2022-12-13,12 28 32 34 38 41,26
4891,2022-12-15,14 16 21 24 32 38,03
4892,2022-12-18,2 3 4 5 11 40,22
4893,2022-12-20,13 18 20 26 30 39,19
4894,2022-12-22,8 19 25 34 39 41,33
4895,2022-12-25,19 22 24 25 26 39,28
4896,2022-12-27,7 20 21 22 38 40,27
4897,2022-12-29,1 9 21 24 34 36,15
4898,2023-01-01,13 16 28 31 36 37,30
4899,2023-01-03,1 12 26 29 37 41,14
4900,2023-01-05,6 13 16 19 32 41,01
4901,2023-01-08,4 19 21 26 27 29,34
4902,2023-01-10,4 15 23 27 33 36,20
4903,2023-01-12,19 20 23 26 28 40,31
4904,2023-01-15,1 12 15 27 39 41,40
4905,2023-01-17,26 29 33 38 40 41,35
4906,2023-01-19,2 12 14 19 27 37,01
4907,2023-01-22,2 9 12 21 26 40,24
4908,2023-01-24,4 15 22 36 39 40,17
4909,2023-01-26,1 6 8 9 12 25,03
4910,2023-01-29,10 11 13 27 35 38,32
4911,2023-01-31,1 13 20 35 37 39,23
4912,2023-02-02,8 9 30 31 35 41,20
4913,2023-02-05,2 7 17 24 37 40,06
4914,2023-02-07,7 22 33 35 36 41,39
4915,2023-02-09,5 7 15 31 35 40,36
4916,2023-02-12,2 8 23 29 31 34,22
4917,2023-02-14,8 10 22 26 36 37,04
4918,2023-02-16,9 13 22 23 31 36,05
4919,2023-02-19,15 18 21 25 30 32,19
4920,2023-02-21,6 7 20 30 36 41,38
4921,2023-02-23,3 9 11 28 34 36,15
4922,2023-02-26,2 3 6 17 31 40,19
4923,2023-02-28,5 10 12 26 27 39,30
4924,2023-03-02,10 18 26 27 30 39,28
4925,2023-03-05,3 10 23 24 32 37,35
4926,2023-03-07,16 22 26 27 33 39,38
4927,2023-03-09,3 4 19 24 30 32,10
4928,2023-03-12,2 7 11 25 27 35,26
4929,2023-03-14,8 13 20 21 26 35,30
4930,2023-03-16,4 6 7 12 24 35,02
4931,2023-03-19,2 25 28 33 39 41,16
4932,2023-03-21,1 7 16 21 37 38,22
4933,2023-03-23,3 12 26 31 34 36,13
4934,2023-03-26,11 12 17 22 39 40,28
4935,2023-03-28,2 9 11 15 18 20,34
4936,2023-03-30,2 13 15 16 25 27,06
4937,2023-04-02,7 15 21 27 30 38,01
4938,2023-04-04,14 19 20 21 24 41,39
4939,2023-04-06,2 12 28 29 30 33,21
4940,2023-04-09,1 2 11 25 30 35,17
4941,2023-04-11,1 4 5 10 21 28,34
4942,2023-04-13,4 11 15 19 26 35,05
4943,2023-04-16,5 7 18 23 24 27,01
4944,2023-04-18,2 7 10 14 34 40,05
4945,2023-04-20,1 2 12 13 32 33,29
4946,2023-04-23,5 6 12 20 23 33,13
4947,2023-04-25,1 12 18 25 27 34,13
4948,2023-04-27,6 11 22 26 36 41,03
4949,2023-04-30,9 19 26 28 29 36,33
4950,2023-05-02,2 12 16 17 24 41,21
4951,2023-05-04,13 14 19 27 38 40,20
4952,2023-05-07,4 7 16 20 23 34,29
4953,2023-05-09,3 11 16 19 31 32,14
4954,2023-05-11,7 10 15 17 28 37,23
4955,2023-05-14,18 19 23 33 39 40,41
4956,2023-05-16,6 7 18 19 21 23,08
4957,2023-05-18,1 4 7 15 24 34,21
4958,2023-05-21,5 7 13 23 33 40,36
4959,2023-05-23,2 6 10 12 16 31,26
4960,2023-05-25,10 13 21 25 29 37,01
4961,2023-05-28,5 16 17 22 27 33,41
4962,2023-05-30,1 11 14 15 29 30,23
4963,2023-06-01,10 20 24 26 34 38,03
4964,2023-06-04,18 22 27 32 34 35,02
4965,2023-06-06,4 8 13 22 28 33,41
4966,2023-06-08,4 5 11 18 20 23,37
4967,2023-06-11,4 7 30 34 39 41,40
4968,2023-06-13,5 14 18 22 24 29,33
4969,2023-06-15,1 15 16 23 38 39,28
4970,2023-06-18,11 19 22 23 28 29,14
4971,2023-06-20,8 17 24 30 37 38,33
4972,2023-06-22,24 29 30 31 34 41,14
4973,2023-06-25,19 20 21 27 30 39,26
4974,2023-06-27,1 7 10 17 35 39,26
4975,2023-06-29,6 11 13 15 16 30,02
4976,2023-07-02,5 10 12 15 29 39,31
4977,2023-07-04,5 10 21 28 32 33,23
4978,2023-07-06,7 9 12 29 40 41,26
4979,2023-07-09,2 3 9 14 19 39,26
4980,2023-07-11,5 9 12 13 15 36,03
4981,2023-07-13,3 5 9 13 18 27,39
4982,2023-07-16,6 9 13 14 22 23,24
4983,2023-07-18,1 12 19 30 35 41,14
4984,2023-07-20,1 15 16 23 26 33,04
4985,2023-07-23,6 13 19 25 26 36,02
4986,2023-07-25,4 12 13 18 33 40,10
4987,2023-07-27,3 5 7 17 25 36,14
4988,2023-07-30,2 7 8 31 37 40,20
4989,2023-08-01,11 18 23 25 28 36,15
4990,2023-08-03,2 3 12 28 32 34,18
4991,2023-08-06,2 6 18 27 29 38,03
4992,2023-08-08,15 18 21 24 31 35,23
4993,2023-08-10,18 21 24 25 30 34,15
4994,2023-08-13,3 9 23 27 29 32,13
4995,2023-08-15,4 9 10 16 18 24,31
4996,2023-08-17,6 8 10 13 19 33,07
4997,2023-08-20,1 3 13 15 22 41,10
4998,2023-08-22,10 12 21 27 37 40,09
4999,2023-08-24,13 16 17 24 26 40,23
5000,2023-08-27,3 12 14 24 32 36,40
5001,2023-08-29,1 7 23 31 38 41,36
5002,2023-08-31,4 8 17 29 30 36,22
5003,2023-09-03,7 14 15 17 22 24,29
5004,2023-09-05,1 3 6 14 24 38,40
5005,2023-09-07,8 10 31 33 34 41,01
5006,2023-09-10,9 11 22 23 31 38,29
5007,2023-09-12,2 12 22 31 34 38,06
5008,2023-09-14,2 10 12 13 24 26,21
5009,2023-09-17,7 21 25 32 35 37,24
5010,2023-09-19,2 8 20 27 38 39,31
5011,2023-09-21,3 4 13 19 28 30,15
5012,2023-09-24,9 12 22 25 30 32,29
5013,2023-09-26,17 24 31 34 36 38,19
5014,2023-09-28,2 3 7 10 30 38,31
5015,2023-10-01,15 16 22 29 31 37,02
5016,2023-10-03,11 14 15 29 33 35,10
5017,2023-10-05,7 17 22 24 31 33,09
5018,2023-10-08,6 17 26 27 35 40,09
5019,2023-10-10,6 15 19 21 30 33,20
5020,2023-10-12,15 17 23 25 30 35,19
5021,2023-10-15,4 8 9 19 25 28,36
5022,2023-10-17,3 6 8 26 31 38,28
5023,2023-10-19,9 12 18 19 29 37,33
5024,2023-10-22,7 19 26 27 33 35,17
5025,2023-10-24,6 7 10 28 37 39,23
5026,2023-10-26,7 13 16 23 29 32,09
5027,2023-10-29,5 6 16 18 27 40,01
5028,2023-10-31,1 13 14 17 30 37,03
5029,2023-11-02,1 6 25 32 37 40,33
5030,2023-11-05,1 3 19 32 37 41,12
5031,2023-11-07,2 5 7 9 11 25,01
5032,2023-11-09,4 9 15 18 21 40,12
5033,2023-11-12,8 10 14 21 28 33,31
5034,2023-11-14,1 4 5 8 27 41,40
5035,2023-11-16,2 3 13 27 36 41,24
5036,2023-11-19,4 5 6 13 22 23,07
5037,2023-11-21,15 18 20 34 37 41,32
5038,2023-11-23,4 9 27 29 32 33,24
5039,2023-11-26,1 3 14 31 36 40,24
5040,2023-11-28,8 15 18 27 31 35,19
5041,2023-11-30,5 7 13 27 29 38,35
5042,2023-12-03,4 8 16 19 25 28,35
5043,2023-12-05,2 10 23 25 28 33,17
5044,2023-12-07,3 11 20 28 34 40,07
5045,2023-12-10,3 9 14 15 28 30,23
5046,2023-12-12,1 5 17 18 29 31,14
5047,2023-12-14,1 3 10 11 17 22,38
5048,2023-12-17,2 5 11 22 28 38,16
5049,2023-12-19,5 7 11 33 38 41,14
5050,2023-12-21,1 13 18 19 32 38,40
5051,2023-12-24,1 2 4 5 27 30,28
5052,2023-12-26,7 21 28 33 36 41,38
5053,2023-12-28,5 9 13 16 22 32,07
5054,2023-12-31,2 13 33 38 39 41,24
5055,2024-01-02,2 16 20 32 35 38,41
5056,2024-01-04,1 7 10 16 34 41,26
5057,2024-01-07,3 20 25 27 29 41,11
5058,2024-01-09,13 20 27 28 35 41,16
5059,2024-01-11,9 27 28 31 37 38,15
5060,2024-01-14,17 23 25 26 27 29,37
5061,2024-01-16,12 15 21 30 37 41,04
5062,2024-01-18,2 7 19 24 35 38,10
5063,2024-01-21,1 21 26 27 33 39,25
5064,2024-01-23,5 21 25 29 36 37,09
5065,2024-01-25,10 13 22 28 32 35,26
5066,2024-01-28,8 11 28 31 38 39,04
5067,2024-01-30,1 11 19 25 31 40,04
5068,2024-02-01,2 11 14 19 29 36,03
5069,2024-02-04,3 5 7 11 22 30,23
5070,2024-02-06,4 6 10 18 34 37,20
5071,2024-02-08,4 5 7 10 29 34,38
5072,2024-02-11,2 11 17 23 35 37,39
5073,2024-02-13,1 4 9 10 25 26,34
5074,2024-02-15,8 11 20 31 36 37,01
5075,2024-02-18,6 16 17 23 26 30,21
5076,2024-02-20,4 11 19 26 28 35,29
5077,2024-02-22,16 23 27 31 34 35,09
5078,2024-02-25,7 13 15 22 26 39,23
5079,2024-02-27,15 20 27 34 40 41,22
5080,2024-02-29,3 14 32 37 40 41,05
5081,2024-03-03,6 9 10 13 25 33,30
5082,2024-03-05,10 13 22 25 30 37,34
5083,2024-03-07,3 4 12 17 20 30,40
5084,2024-03-10,2 4 6 21 32 36,26
5085,2024-03-12,1 12 21 25 33 35,13
5086,2024-03-14,2 3 13 18 21 35,28
5087,2024-03-17,9 12 13 29 31 32,24
5088,2024-03-19,2 18 20 26 39 40,41
5089,2024-03-21,2 11 24 26 28 38,27
5090,2024-03-24,8 9 13 23 32 34,18
5091,2024-03-26,6 24 25 32 33 34,19
5092,2024-03-28,2 3 11 21 24 28,16
5093,2024-03-31,8 19 21 31 40 41,03
5094,2024-04-02,9 14 19 26 32 37,03
5095,2024-04-04,4 19 25 28 31 32,07
5096,2024-04-07,5 21 23 28 39 41,20
5097,2024-04-09,11 16 25 28 34 40,09
5098,2024-04-11,7 12 16 17 24 25,36
5099,2024-04-14,2 3 5 14 17 25,21
5100,2024-04-16,1 2 12 22 29 31,40
5101,2024-04-18,3 10 11 16 26 32,23
5102,2024-04-21,1 17 24 28 33 35,20
5103,2024-04-23,1 3 16 23 29 32,21
5104,2024-04-25,7 8 10 21 23 26,37
5105,2024-04-28,6 14 18 22 30 40,13
5106,2024-04-30,4 8 9 10 15 33,34
5107,2024-05-02,1 5 20 33 35 39,04
5108,2024-05-05,2 4 19 23 29 39,34
5109,2024-05-07,2 13 23 24 33 39,08
5110,2024-05-09,7 23 24 36 38 39,27
5111,2024-05-12,7 21 23 24 34 37,18
5112,2024-05-14,4 5 13 20 33 34,06
5113,2024-05-16,5 20 21 25 28 35,30
5114,2024-05-19,5 6 23 30 33 35,03
5115,2024-05-21,7 10 15 20 26 33,27
5116,2024-05-23,7 8 11 14 16 19,36
5117,2024-05-26,1 5 14 31 35 36,06
5118,2024-05-28,13 16 18 22 24 39,41
5119,2024-05-30,1 3 25 29 32 39,23
5120,2024-06-02,3 8 9 27 35 40,28
5121,2024-06-04,2 10 26 28 29 40,19
5122,2024-06-06,6 15 16 19 32 41,35
5123,2024-06-09,5 9 10 11 25 37,24
5124,2024-06-11,9 10 28 29 36 39,18
5125,2024-06-13,2 7 10 25 29 30,37
5126,2024-06-16,3 5 17 25 28 40,21
5127,2024-06-18,1 21 23 26 38 40,15
5128,2024-06-20,11 16 27 30 33 38,17
5129,2024-06-23,4 10 21 27 33 35,16
5130,2024-06-25,1 4 14 16 24 33,38
5131,2024-06-27,3 4 21 23 32 35,05
5132,2024-06-30,15 18 23 25 35 37,11
5133,2024-07-02,23 26 28 30 33 40,25
5134,2024-07-04,2 13 14 18 24 36,35
5135,2024-07-07,3 9 25 26 34 41,13
5136,2024-07-09,2 9 12 23 29 36,28
5137,2024-07-11,5 9 11 22 30 35,28
5138,2024-07-14,11 16 22 23 33 38,20
5139,2024-07-16,13 26 31 33 34 36,22
5140,2024-07-18,18 21 23 29 37 41,38
5141,2024-07-21,10 16 17 23 31 40,13
5142,2024-07-23,1 15 22 28 39 40,27
5143,2024-07-25,2 7 12 28 37 39,30
5144,2024-07-28,2 13 14 24 27 32,04
5145,2024-07-30,7 9 10 12 23 24,29
5146,2024-08-01,4 17 24 28 29 34,25
5147,2024-08-04,4 5 21 24 30 31,33
5148,2024-08-06,4 8 19 24 29 40,02
5149,2024-08-08,10 17 26 28 31 34,20
5150,2024-08-11,6 22 23 26 27 35,38
5151,2024-08-13,7 22 25 34 39 40,03
5152,2024-08-15,3 4 5 7 21 38,11
5153,2024-08-18,5 14 16 19 30 40,33
5154,2024-08-20,5 20 21 27 37 40,35
5155,2024-08-22,13 20 21 22 35 38,14
5156,2024-08-25,7 25 32 33 38 41,30
5157,2024-08-27,7 23 32 34 39 40,36
5158,2024-08-29,4 17 22 23 29 38,16
5159,2024-09-01,5 8 12 14 34 36,40
5160,2024-09-03,6 15 18 20 22 38,13
5161,2024-09-05,1 5 14 28 33 36,08
5162,2024-09-08,4 17 25 29 32 33,22
5163,2024-09-10,6 14 18 19 33 34,11
5164,2024-09-12,11 20 21 22 31 33,19
5165,2024-09-15,1 3 10 27 36 39,34
5166,2024-09-17,6 11 13 15 16 23,29
5167,2024-09-19,2 3 17 18 24 33,36
5168,2024-09-22,7 17 22 31 34 38,36
5169,2024-09-24,11 17 24 27 38 40,21
5170,2024-09-26,8 9 18 26 33 40,41
5171,2024-09-29,3 11 27 34 37 38,06
5172,2024-10-01,11 15 18 26 28 39,08
5173,2024-10-03,7 15 18 29 35 36,12
5174,2024-10-06,3 11 13 17 21 25,04
5175,2024-10-08,2 11 12 21 29 41,14
5176,2024-10-10,2 7 11 12 22 23,10
5177,2024-10-13,3 7 12 32 37 39,17
5178,2024-10-15,3 5 7 11 12 27,19
5179,2024-10-17,12 15 20 22 26 35,33
5180,2024-10-20,13 17 20 32 35 40,24
5181,2024-10-22,8 11 12 20 25 31,37
5182,2024-10-24,1 11 27 30 33 34,04
5183,2024-10-27,1 2 5 11 30 32,17
5184,2024-10-29,6 16 31 32 33 41,20
5185,2024-10-31,10 13 19 26 28 32,37
5186,2024-11-03,2 10 21 28 31 39,22
5187,2024-11-05,2 11 21 26 28 31,03
5188,2024-11-07,7 15 17 31 32 33,37
5189,2024-11-10,5 13 18 25 28 41,04
5190,2024-11-12,1 2 3 9 23 35,05
5191,2024-11-14,8 20 29 30 33 40,01
5192,2024-11-17,2 4 12 17 23 32,16
5193,2024-11-19,14 17 26 28 40 41,31
5194,2024-11-21,6 9 16 22 25 32,10
5195,2024-11-24,3 6 7 16 23 33,21
5196,2024-11-26,1 7 11 21 26 28,16
5197,2024-11-28,11 22 24 31 34 38,06
5198,2024-12-01,4 6 17 22 34 41,13
5199,2024-12-03,4 7 9 18 22 37,01
5200,2024-12-05,11 16 27 31 36 37,05
5201,2024-12-08,7 10 25 26 28 37,21
5202,2024-12-10,3 11 14 22 23 39,24
5203,2024-12-12,1 5 6 27 38 39,15
5204,2024-12-15,17 19 23 27 28 39,16
5205,2024-12-17,1 18 33 35 38 41,20
5206,2024-12-19,9 10 12 17 26 28,31
5207,2024-12-22,3 10 15 23 27 29,02
5208,2024-12-24,7 16 23 31 39 41,30
5209,2024-12-26,3 13 32 35 36 39,28
5210,2024-12-29,10 13 14 16 37 39,41
5211,2024-12-31,3 8 10 22 30 32,19
5212,2025-01-02,1 9 31 32 34 39,12
5213,2025-01-05,7 17 18 30 35 38,06
5214,2025-01-07,3 7 10 15 24 35,22
5215,2025-01-09,4 8 13 18 27 30,02
5216,2025-01-12,5 11 14 19 22 31,08
5217,2025-01-14,2 10 32 34 37 40,28
5218,2025-01-16,1 20 29 32 34 41,21
5219,2025-01-19,4 10 11 13 39 40,01
5220,2025-01-21,2 3 13 28 30 36,08
5221,2025-01-23,3 17 20 26 32 40,15
5222,2025-01-26,5 20 28 31 33 35,18
5223,2025-01-28,6 11 18 23 27 29,33
5224,2025-01-30,2 9 10 18 22 36,08
5225,2025-02-02,4 15 24 28 30 41,31
5226,2025-02-04,1 13 23 25 32 35,10
5227,2025-02-06,14 17 21 27 29 34,01
5228,2025-02-09,8 17 27 29 32 40,15
5229,2025-02-11,7 14 18 23 30 35,13
5230,2025-02-13,6 8 11 14 27 41,23
5231,2025-02-16,9 13 15 28 29 38,12
5232,2025-02-18,5 23 28 33 37 40,31
5233,2025-02-20,13 14 17 27 29 36,18
5234,2025-02-23,3 14 20 31 33 34,05
5235,2025-02-25,3 4 10 16 22 31,34
5236,2025-02-27,1 4 16 20 24 25,23
5237,2025-03-02,1 6 18 22 37 39,05
5238,2025-03-04,15 27 28 30 40 41,37
5239,2025-03-06,1 7 16 22 38 41,04
5240,2025-03-09,10 20 22 30 34 39,12
5241,2025-03-11,1 10 14 17 20 34,05
5242,2025-03-13,1 3 5 15 20 36,33
5243,2025-03-16,25 28 31 32 39 41,18
5244,2025-03-18,2 5 9 13 23 26,30
5245,2025-03-20,2 7 10 11 35 41,21
5246,2025-03-23,2 3 16 26 35 41,10
5247,2025-03-25,1 7 12 13 30 33,16
5248,2025-03-27,2 11 14 15 30 31,03
5249,2025-03-30,3 11 20 24 30 36,01
5250,2025-04-01,14 17 22 23 27 31,35
5251,2025-04-03,1 11 14 16 17 25,41
5252,2025-04-06,1 15 22 33 38 39,41
5253,2025-04-08,6 22 28 30 35 41,02
5254,2025-04-10,5 9 28 36 39 40,23
5255,2025-04-13,9 17 23 28 29 37,03
5256,2025-04-15,5 6 11 12 35 36,39
5257,2025-04-17,14 17 26 28 32 36,27
5258,2025-04-20,4 15 20 21 32 38,07
5259,2025-04-22,3 17 29 30 36 40,24
5260,2025-04-24,2 9 16 29 36 41,24
5261,2025-04-27,1 19 20 21 25 34,07
5262,2025-04-29,2 8 14 20 34 39,19
5263,2025-05-01,5 9 10 12 27 36,11
5264,2025-05-04,12 19 21 24 33 38,25
5265,2025-05-06,12 24 25 29 32 33,03
5266,2025-05-08,2 4 8 10 18 38,41
5267,2025-05-11,3 14 21 24 34 40,32
5268,2025-05-13,1 7 10 29 36 41,21
5269,2025-05-15,5 15 29 32 37 41,01
5270,2025-05-18,12 17 28 33 37 38,41
5271,2025-05-20,13 21 32 33 35 39,41
5272,2025-05-22,3 12 17 25 36 38,27
5273,2025-05-25,11 18 24 34 35 39,28
5274,2025-05-27,15 17 21 23 26 29,24
5275,2025-05-29,19 24 25 34 38 39,20
5276,2025-06-01,1 7 13 20 29 31,21
5277,2025-06-03,12 14 16 33 34 38,08
5278,2025-06-05,7 17 21 29 31 37,36
5279,2025-06-08,8 11 17 20 22 31,09
5280,2025-06-10,5 10 24 27 29 37,38
5281,2025-06-12,3 6 7 25 32 36,16
5282,2025-06-15,4 6 8 17 26 32,03
5283,2025-06-17,4 7 12 14 15 24,01
5284,2025-06-19,17 25 35 36 38 39,27
5285,2025-06-22,11 13 14 21 30 40,12
5286,2025-06-24,3 11 16 19 24 40,28
5287,2025-06-26,1 2 8 14 22 25,20
5288,2025-06-29,3 16 26 27 33 41,11
5289,2025-07-01,16 25 26 28 30 34,02
5290,2025-07-03,7 20 21 22 29 41,30
5291,2025-07-06,5 8 16 33 36 40,06
5292,2025-07-08,1 4 5 7 17 33,08
5293,2025-07-10,5 8 9 16 20 31,25
5294,2025-07-13,2 7 13 28 34 38,23
5295,2025-07-15,7 20 26 29 34 41,19
5296,2025-07-17,11 17 30 38 39 41,36
5297,2025-07-20,2 9 14 26 32 37,40
5298,2025-07-22,4 10 12 14 27 39,05
5299,2025-07-24,2 19 22 23 29 31,06
5300,2025-07-27,1 13 20 25 27 35,33
5301,2025-07-29,5 10 16 22 33 37,01
5302,2025-07-31,11 14 17 24 30 39,12
5303,2025-08-03,10 13 19 26 27 39,08
5304,2025-08-05,9 18 20 22 23 38,07
5305,2025-08-07,5 11 13 23 36 38,39
5306,2025-08-10,10 11 13 26 27 41,39
5307,2025-08-12,13 15 16 27 34 35,12
5308,2025-08-14,1 10 17 28 33 36,06
5309,2025-08-17,2 5 12 17 18 21,25
5310,2025-08-19,9 18 29 39 40 41,24
5311,2025-08-21,6 22 27 29 35 38,18
5312,2025-08-24,2 8 10 12 21 38,30
5313,2025-08-26,2 5 21 27 36 39,26
5314,2025-08-28,6 16 18 20 35 39,14
5315,2025-08-31,3 6 28 32 35 38,41
5316,2025-09-02,7 8 10 24 28 32,27
5317,2025-09-04,7 10 15 20 28 36,19
5318,2025-09-07,6 8 10 18 26 27,13
5319,2025-09-09,7 9 10 15 16 23,03
5320,2025-09-11,4 13 19 28 39 40,23
5321,2025-09-14,5 12 22 33 37 38,14
5322,2025-09-16,3 13 17 20 36 37,30
5323,2025-09-18,4 12 20 22 28 35,23
5324,2025-09-21,1 7 17 22 24 29,15
5325,2025-09-23,21 31 33 37 39 41,11
5326,2025-09-25,10 22 25 35 37 40,20
5327,2025-09-28,11 13 18 32 40 41,08
5328,2025-09-30,7 20 28 29 37 39,06
5329,2025-10-02,7 12 18 28 34 37,13
5330,2025-10-05,10 21 22 23 33 38,41
5331,2025-10-07,3 14 20 22 32 37,24
5332,2025-10-09,9 12 19 25 26 33,40
5333,2025-10-12,2 13 17 20 29 39,27
5334,2025-10-14,1 10 11 30 31 40,20
5335,2025-10-16,2 4 7 14 18 28,22
5336,2025-10-19,18 23 26 32 37 38,12
5337,2025-10-21,3 8 18 19 21 29,07
5338,2025-10-23,5 6 8 25 30 41,22
5339,2025-10-26,6 25 36 38 40 41,23
5340,2025-10-28,8 11 21 28 38 40,32
5341,2025-10-30,10 15 20 24 25 31,21
5342,2025-11-02,1 28 29 32 35 37,16
5343,2025-11-04,2 13 20 23 24 40,27
5344,2025-11-06,4 5 6 9 21 26,41
5345,2025-11-09,10 21 25 27 38 40,13
5346,2025-11-11,4 8 13 14 17 24,30
5347,2025-11-13,5 6 12 23 36 38,02
5348,2025-11-16,1 9 13 28 31 34,17
5349,2025-11-18,2 13 18 19 29 30,22
5350,2025-11-20,6 15 19 24 31 36,40
5351,2025-11-23,1 2 5 18 23 38,22
5352,2025-11-25,8 10 14 16 23 37,25
5353,2025-11-27,7 19 21 25 37 41,09
5354,2025-11-30,11 12 13 14 16 39,02
5355,2025-12-02,6 11 23 31 35 40,15
5356,2025-12-04,7 10 17 25 27 32,20
5357,2025-12-07,2 9 17 18 31 38,07
5358,2025-12-09,2 9 12 26 29 31,34
5359,2025-12-11,6 19 29 33 37 40,16
5360,2025-12-14,7 11 12 28 31 39,41
5361,2025-12-16,11 13 19 30 38 40,14
5362,2025-12-18,6 12 16 25 37 38,14
5363,2025-12-21,2 8 16 24 25 34,17
5364,2025-12-23,2 6 9 13 27 36,25
5365,2025-12-25,5 6 14 26 27 37,13
5366,2025-12-28,1 4 30 34 36 41,06
5367,2025-12-30,14 16 19 27 32 35,40
5368,2026-01-01,2 6 18 19 27 35,16
5369,2026-01-04,7 9 11 22 38 40,27
5370,2026-01-06,2 11 14 27 28 36,31
5371,2026-01-08,3 16 29 33 37 38,22
5372,2026-01-11,17 21 22 25 26 38,18
5373,2026-01-13,6 16 17 20 28 33,11
5374,2026-01-15,12 17 19 25 27 34,22
5375,2026-01-18,2 9 17 30 32 38,24
5376,2026-01-20,5 17 19 24 36 41,30
5377,2026-01-22,19 23 26 31 35 36,13
5378,2026-01-25,15 18 23 26 28 37,22
5379,2026-01-27,4 7 15 19 31 41,17
5380,2026-01-29,15 17 21 30 32 35,14
5381,2026-02-01,4 5 20 28 29 34,19
5382,2026-02-03,2 11 15 16 33 34,09
5383,2026-02-05,2 12 15 20 21 30,31
5384,2026-02-08,4 15 23 24 33 41,39
5385,2026-02-10,7 26 29 33 34 37,01
5386,2026-02-12,1 17 19 23 36 39,38
5387,2026-02-15,6 15 16 19 24 30,25
5388,2026-02-17,4 15 21 22 36 40,31
5389,2026-02-19,1 4 11 30 32 38,41
5390,2026-02-22,2 10 13 27 30 32,05
5391,2026-02-24,6 10 17 22 39 41,28
5392,2026-02-26,9 32 35 38 40 41,07
5393,2026-03-01,1 4 18 23 29 41,38
5394,2026-03-03,4 5 10 28 33 39,36
5395,2026-03-05,2 7 19 24 29 34,39
5396,2026-03-08,11 13 14 34 35 40,16
5397,2026-03-10,12 15 25 28 32 35,09
5398,2026-03-12,4 16 23 25 26 35,21
5399,2026-03-15,11 13 14 19 23 31,18
5400,2026-03-17,11 14 20 24 28 34,38
5401,2026-03-19,4 9 22 25 32 35,05
5402,2026-03-22,5 21 24 35 40 41,12
5403,2026-03-24,13 23 29 36 40 41,35
5404,2026-03-26,2 11 13 25 38 39,23
5405,2026-03-29,6 14 21 27 32 34,09
5406,2026-03-31,6 9 11 20 23 34,33
5407,2026-04-02,2 3 4 25 39 41,31
5408,2026-04-05,20 22 26 33 34 41,40
5409,2026-04-07,2 3 7 19 32 37,26
5410,2026-04-09,1 3 12 18 21 28,38
5411,2026-04-12,5 18 20 26 35 39,01
5412,2026-04-14,11 14 23 26 31 35,40
5413,2026-04-16,7 17 23 24 30 31,05
5414,2026-04-19,1 9 25 28 35 36,38
5415,2026-04-21,3 16 27 32 34 38,01
5416,2026-04-23,1 25 30 34 37 39,22
5417,2026-04-26,5 7 15 21 27 35,33
5418,2026-04-28,3 6 13 32 35 39,20
5419,2026-04-30,8 21 23 25 26 39,02
5420,2026-05-03,7 20 26 27 29 36,39
5421,2026-05-05,11 13 25 28 30 36,04
5422,2026-05-07,1 11 16 18 29 33,05
5423,2026-05-10,6 7 12 15 20 21,34
5424,2026-05-12,13 16 19 32 37 41,18
5425,2026-05-14,10 15 17 18 20 22,01
5426,2026-05-17,2 13 24 27 30 38,08
5427,2026-05-19,2 18 19 35 36 41,32
5428,2026-05-21,4 11 12 18 19 26,34
5429,2026-05-24,13 19 23 24 29 34,25
5430,2026-05-26,3 8 12 28 31 32,05
5431,2026-05-28,5 9 23 35 39 41,27
5432,2026-05-31,5 8 22 30 32 40,02
5433,2026-06-02,3 11 20 27 31 40,29
5434,2026-06-04,1 9 10 24 28 35,22
5435,2026-06-07,14 15 20 24 31 40,38
5436,2026-06-09,4 11 15 17 35 41,03
5437,2026-06-11,3 8 11 16 20 37,26
5438,2026-06-14,5 10 14 23 38 41,32
5439,2026-06-16,2 6 10 36 37 40,35
5440,2026-06-18,7 17 19 22 24 33,06
5441,2026-06-21,13 15 17 18 21 31,02
5442,2026-06-23,11 18 21 23 26 33,32
5443,2026-06-25,7 8 11 13 20 35,14
5444,2026-06-28,17 20 28 35 36 40,38
5445,2026-06-30,10 13 17 20 27 28,05
5446,2026-07-02,2 10 12 17 18 27,03
5447,2026-07-05,7 14 15 21 27 28,02
5448,2026-07-07,8 18 20 21 33 34,22
5449,2026-07-09,1 8 9 22 23 29,26
5450,2026-07-12,1 9 17 29 31 40,41
5451,2026-07-14,10 13 15 20 38 41,16
5452,2026-07-16,4 15 23 28 35 40,08
5453,2026-07-19,3 9 11 12 20 40,18
5454,2026-07-21,11 16 17 20 28 31,40
5455,2026-07-23,2 3 5 11 26 33,07
5456,2026-07-26,5 11 17 18 28 33,29
5457,2026-07-28,1 5 10 16 27 30,36
5458,2026-07-30,5 8 15 16 24 29,09
5459,2026-08-02,17 18 23 29 32 38,03
5460,2026-08-04,9 22 24 32 35 36,25
5461,2026-08-06,7 8 12 17 20 29,24
5462,2026-08-09,4 14 17 23 30 39,37
5463,2026-08-11,10 18 22 23 35 37,31
5464,2026-08-13,10 13 20 21 22 33,35
5465,2026-08-16,4 9 28 31 36 41,11
5466,2026-08-18,7 12 13 28 34 38,23
5467,2026-08-20,1 2 4 32 40 41,05
5468,2026-08-23,15 17 27 28 34 39,29
5469,2026-08-25,3 4 19 29 37 39,16
5470,2026-08-27,14 18 22 28 39 41,38
5471,2026-08-30,3 18 26 32 35 37,14
5472,2026-09-01,6 10 18 24 30 38,01
5473,2026-09-03,22 32 35 36 39 40,38
5474,2026-09-06,2 8 14 21 25 30,11
5475,2026-09-08,4 8 11 13 20 36,15
5476,2026-09-10,4 12 13 27 36 39,10
5477,2026-09-13,4 18 20 21 33 41,06
5478,2026-09-15,4 8 11 22 24 26,01
5479,2026-09-17,11 12 14 28 29 37,41
5480,2026-09-20,15 22 27 29 39 40,06
5481,2026-09-22,10 23 25 26 29 31,03
5482,2026-09-24,13 26 28 32 34 41,08
5483,2026-09-27,2 16 31 33 34 37,41
5484,2026-09-29,4 7 17 19 30 33,31
5485,2026-10-01,2 12 16 17 21 31,30
