Sorteo,Fecha,Num1,Num2,Num3,Num4,Num5,Num6,Comodin
3077,08-05-11,10,16,19,26,30,31,7
3078,12-05-11,5,7,16,18,21,39,19
3079,15-05-11,7,12,14,17,20,34,30
3080,17-05-11,16,18,19,33,34,39,14
3081,22-05-11,2,4,26,27,30,37,31
3082,24-05-11,2,16,23,34,35,38,21
3083,26-05-11,1,8,11,14,16,28,12
3084,29-05-11,8,9,13,16,23,41,39
3085,31-05-11,16,17,22,31,32,37,40
3086,02-06-11,4,8,21,27,35,37,3
3087,05-06-11,3,13,17,21,27,31,35
3088,07-06-11,4,5,18,23,28,33,37
3089,09-06-11,1,6,10,16,22,40,35
3090,12-06-11,1,13,20,34,36,40,41
3091,14-06-11,2,13,23,25,30,32,24
3092,16-06-11,11,18,23,26,30,31,1
3093,19-06-11,1,2,9,10,11,16,29
3094,21-06-11,9,21,22,31,37,38,14
3095,23-06-11,7,12,14,28,30,37,4
3096,26-06-11,5,7,9,21,25,28,34
3097,28-06-11,16,27,28,29,37,39,14
3098,30-06-11,15,17,18,33,37,40,38
3099,03-07-11,2,7,8,9,24,25,17
3100,05-07-11,11,14,22,24,37,39,31
3101,07-07-11,4,9,17,28,32,34,5
3102,10-07-11,3,13,14,17,24,27,30
3103,12-07-11,4,11,18,32,36,40,23
3104,14-07-11,4,5,6,7,22,26,35
3105,17-07-11,3,6,15,20,21,27,5
3106,19-07-11,3,9,14,17,30,34,6
3107,21-07-11,2,8,12,22,31,33,9
3108,24-07-11,10,17,24,26,31,37,29
3109,26-07-11,1,5,6,12,19,32,33
3110,28-07-11,5,7,17,29,40,41,12
3111,31-07-11,7,11,18,19,22,36,40
3112,02-08-11,5,9,19,20,26,36,4
3113,04-08-11,5,11,13,16,22,30,23
3114,07-08-11,19,20,21,23,28,38,13
3115,09-08-11,1,12,13,26,31,33,16
3116,11-08-11,6,18,21,22,29,34,16
3117,14-08-11,7,11,20,32,34,39,25
3118,16-08-11,13,33,35,37,40,41,26
3119,18-08-11,9,10,13,16,24,39,33
3120,21-08-11,4,10,12,18,20,32,2
3121,23-08-11,4,15,25,27,29,37,19
3122,25-08-11,7,11,28,33,38,41,18
3123,28-08-11,4,6,15,19,20,26,21
3124,30-08-11,9,14,28,30,34,38,32
3125,01-09-11,1,2,6,19,29,36,10
3126,04-09-11,9,20,21,28,30,32,6
3127,06-09-11,3,16,20,26,28,32,37
3128,08-09-11,8,9,18,20,27,31,35
3129,11-09-11,1,11,21,23,25,41,17
3130,13-09-11,2,8,9,11,17,38,28
3131,15-09-11,5,16,18,26,40,41,25
3132,18-09-11,7,11,15,16,25,37,34
3133,20-09-11,5,7,18,23,35,39,34
3134,22-09-11,12,16,17,19,31,38,9
3135,25-09-11,2,7,8,31,35,41,5
3136,27-09-11,14,23,24,29,33,35,16
3137,29-09-11,3,8,15,17,18,23,40
3138,02-10-11,4,8,14,17,22,36,37
3139,04-10-11,1,5,11,13,18,19,36
3140,06-10-11,2,5,18,19,20,35,27
3141,09-10-11,5,7,12,16,22,39,6
3142,11-10-11,1,2,4,8,10,15,39
3143,13-10-11,10,21,24,29,31,34,13
3144,16-10-11,8,13,17,20,24,32,41
3145,18-10-11,1,8,11,16,22,30,21
3146,20-10-11,11,16,27,30,31,32,3
3147,23-10-11,2,9,10,28,35,38,36
3148,25-10-11,3,8,11,16,27,33,12
3149,27-10-11,4,9,19,23,26,37,15
3150,30-10-11,7,8,16,28,30,35,33
3151,01-11-11,3,10,17,20,32,36,19
3152,03-11-11,7,11,25,31,37,41,21
3153,06-11-11,7,9,13,21,26,31,40
3154,08-11-11,1,5,11,12,24,35,38
3155,10-11-11,4,5,10,17,34,36,35
3156,13-11-11,6,9,12,19,34,37,27
3157,15-11-11,1,3,7,9,27,35,33
3158,17-11-11,4,15,16,19,35,40,33
3159,20-11-11,16,23,25,27,32,33,36
3160,22-11-11,2,20,24,28,36,41,11
3161,24-11-11,12,14,21,22,23,27,18
3162,27-11-11,1,12,23,25,26,32,37
3163,29-11-11,2,4,5,6,38,40,36
3164,01-12-11,6,10,16,29,34,38,15
3165,04-12-11,7,15,25,33,35,37,41
3166,06-12-11,14,20,28,29,34,39,24
3167,08-12-11,4,5,35,36,37,39,33
3168,11-12-11,7,18,28,34,39,40,33
3169,13-12-11,16,18,24,26,30,35,10
3170,15-12-11,3,4,19,31,32,40,6
3171,18-12-11,6,7,8,17,21,39,5
3172,20-12-11,2,8,10,25,36,40,34
3173,22-12-11,9,20,28,31,39,41,36
3174,25-12-11,4,6,7,11,20,32,39
3175,27-12-11,4,24,31,34,35,39,26
3176,29-12-11,1,16,23,26,28,31,2
3177,01-01-12,9,15,22,28,38,39,32
3178,03-01-12,7,14,19,23,26,33,38
3179,05-01-12,3,18,25,29,30,34,21
3180,08-01-12,7,11,18,22,26,38,12
3181,10-01-12,3,10,19,25,26,30,28
3182,12-01-12,8,10,19,23,27,39,40
3183,15-01-12,5,7,8,12,29,38,34
3184,17-01-12,1,3,8,11,31,39,14
3185,19-01-12,1,3,12,13,38,39,35
3186,22-01-12,7,18,25,35,40,41,5
3187,24-01-12,1,2,9,11,25,38,23
3188,26-01-12,2,17,22,25,28,35,23
3189,29-01-12,5,6,8,10,22,26,40
3190,31-01-12,8,10,25,31,38,39,12
3191,02-02-12,5,14,23,30,36,40,24
3192,05-02-12,3,4,11,23,28,34,41
3193,07-02-12,2,5,11,12,13,16,30
3194,09-02-12,8,16,22,29,32,34,6
3195,12-02-12,8,18,19,28,30,31,25
3196,14-02-12,6,17,25,27,29,34,3
3197,16-02-12,6,7,8,12,20,41,10
3198,19-02-12,1,6,7,17,37,38,41
3199,21-02-12,5,11,17,28,32,41,24
3200,23-02-12,2,4,8,18,39,40,17
3201,26-02-12,6,8,9,13,24,40,37
3202,28-02-12,2,5,17,29,32,33,26
3203,01-03-12,3,10,12,30,35,40,38
3204,04-03-12,4,6,9,14,29,39,20
3205,06-03-12,11,18,23,30,32,34,21
3206,08-03-12,4,8,30,33,40,41,23
3207,11-03-12,6,10,29,30,34,40,25
3208,13-03-12,15,19,22,23,24,28,18
3209,15-03-12,3,4,21,36,37,38,40
3210,18-03-12,2,11,13,14,35,40,15
3211,20-03-12,1,2,12,20,35,37,10
3212,22-03-12,24,27,31,35,37,38,17
3213,25-03-12,6,10,14,23,32,38,40
3214,27-03-12,3,4,15,29,30,33,18
3215,29-03-12,5,11,14,20,32,37,17
3216,01-04-12,1,2,6,20,28,29,41
3217,03-04-12,3,5,13,24,25,40,41
3218,05-04-12,4,21,22,24,31,41,7
3219,08-04-12,1,16,18,33,35,41,2
3220,10-04-12,10,11,13,15,22,38,19
3221,12-04-12,16,22,25,26,31,40,15
3222,15-04-12,3,5,7,17,19,40,24
3223,17-04-12,16,29,36,37,39,40,38
3224,19-04-12,5,18,31,32,38,41,28
3225,22-04-12,1,14,22,26,29,34,5
3226,24-04-12,15,16,22,23,29,36,39
3227,26-04-12,6,12,13,16,37,39,25
3228,29-04-12,4,5,6,18,35,39,11
3229,01-05-12,2,6,10,12,31,37,5
3230,03-05-12,3,10,18,35,36,39,1
3231,06-05-12,12,16,18,21,24,26,20
3232,08-05-12,2,8,22,27,34,41,15
3233,10-05-12,5,15,22,24,32,41,18
3234,13-05-12,6,9,17,31,37,38,23
3235,15-05-12,2,5,6,10,27,34,40
3236,17-05-12,11,21,26,27,33,38,31
3237,20-05-12,6,7,11,27,29,35,13
3238,22-05-12,4,8,9,26,34,35,32
3239,24-05-12,11,28,31,32,33,36,22
3240,27-05-12,7,9,20,22,26,34,30
3241,29-05-12,16,19,23,26,31,38,36
3242,31-05-12,6,8,14,16,27,37,21
3243,03-06-12,16,18,23,24,31,38,20
3244,05-06-12,12,13,18,21,29,40,17
3245,07-06-12,9,18,24,31,33,38,36
3246,10-06-12,1,7,14,17,32,37,16
3247,12-06-12,1,5,12,29,30,35,36
3248,14-06-12,2,17,18,20,34,39,19
3249,17-06-12,10,19,25,33,40,41,26
3250,19-06-12,5,6,8,20,22,25,14
3251,21-06-12,7,19,23,28,31,37,10
3252,24-06-12,20,25,30,33,40,41,23
3253,26-06-12,6,7,8,28,29,41,17
3254,28-06-12,19,27,30,31,35,36,39
3255,01-07-12,11,17,20,26,33,41,1
3256,03-07-12,11,23,25,28,30,31,6
3257,05-07-12,3,10,16,19,36,41,26
3258,08-07-12,14,16,24,33,37,39,21
3259,10-07-12,5,9,25,26,32,33,2
3260,12-07-12,6,14,22,25,27,32,20
3261,15-07-12,24,26,31,32,33,41,28
3262,17-07-12,13,21,31,33,34,37,22
3263,19-07-12,7,14,15,23,28,40,2
3264,22-07-12,1,2,5,18,33,41,21
3265,24-07-12,10,14,22,32,35,40,3
3266,26-07-12,6,9,14,15,26,39,2
3267,29-07-12,2,3,6,7,9,16,12
3268,31-07-12,3,21,31,35,39,41,11
3269,02-08-12,1,2,18,22,32,35,30
3270,05-08-12,1,12,23,31,34,40,22
3271,07-08-12,2,5,12,15,27,38,33
3272,09-08-12,9,19,23,25,34,35,4
3273,12-08-12,1,12,14,15,21,35,36
3274,14-08-12,1,4,10,15,32,37,28
3275,16-08-12,2,6,13,26,34,37,16
3276,19-08-12,6,7,8,15,16,31,21
3277,21-08-12,3,11,20,27,29,36,19
3278,23-08-12,2,10,15,25,30,32,33
3279,26-08-12,6,13,27,33,34,36,18
3280,28-08-12,2,3,19,21,25,37,11
3281,30-08-12,1,2,7,9,22,39,23
3282,02-09-12,17,19,26,31,36,38,18
3283,04-09-12,2,14,17,21,33,39,4
3284,06-09-12,2,9,22,23,31,39,15
3285,09-09-12,4,12,21,26,27,41,3
3286,11-09-12,1,11,15,22,29,33,13
3287,13-09-12,4,16,29,31,33,37,36
3288,16-09-12,2,7,8,10,30,33,40
3289,18-09-12,6,9,15,16,21,31,37
3290,20-09-12,9,14,22,23,30,41,1
3291,23-09-12,5,7,8,16,28,31,11
3292,25-09-12,1,5,19,26,36,40,29
3293,27-09-12,1,6,19,30,38,40,26
3294,30-09-12,12,13,14,16,31,39,33
3295,02-10-12,1,5,13,25,26,40,14
3296,04-10-12,1,12,13,23,28,35,32
3297,07-10-12,9,10,17,31,36,40,27
3298,09-10-12,1,3,6,9,13,25,15
3299,11-10-12,9,10,17,21,29,41,18
3300,14-10-12,3,10,11,24,30,35,28
3301,16-10-12,15,19,22,31,34,36,26
3302,18-10-12,3,13,24,27,35,40,36
3303,21-10-12,6,11,19,21,22,34,29
3304,23-10-12,26,28,29,30,37,38,16
3305,25-10-12,5,16,22,25,31,35,36
3306,28-10-12,5,6,12,15,18,28,23
3307,30-10-12,7,14,17,20,25,36,9
3308,01-11-12,17,23,25,28,29,41,35
3309,04-11-12,2,6,8,18,30,32,26
3310,06-11-12,1,3,8,33,37,39,17
3311,08-11-12,3,23,24,28,31,39,34
3312,11-11-12,13,21,23,24,30,32,6
3313,13-11-12,4,11,15,21,26,40,35
3314,15-11-12,6,9,14,17,23,34,20
3315,18-11-12,6,11,17,19,22,27,32
3316,20-11-12,13,15,27,34,37,40,23
3317,22-11-12,7,8,15,29,36,37,41
3318,25-11-12,1,13,16,21,23,40,31
3319,27-11-12,7,8,12,16,22,37,20
3320,29-11-12,8,12,13,24,30,34,20
3321,02-12-12,3,17,20,25,29,31,18
3322,04-12-12,2,18,20,27,33,41,10
3323,06-12-12,3,5,8,24,33,36,30
3324,09-12-12,2,23,33,36,38,39,7
3325,11-12-12,2,8,18,20,24,34,28
3326,13-12-12,2,5,11,16,27,31,34
3327,16-12-12,1,14,16,19,33,38,31
3328,18-12-12,9,11,14,17,28,31,12
3329,20-12-12,8,11,28,34,35,41,12
3330,23-12-12,5,6,13,15,31,32,18
3331,25-12-12,3,9,20,25,30,41,6
3332,27-12-12,4,6,8,15,28,35,21
3333,30-12-12,4,14,15,23,25,37,6
3334,01-01-13,4,5,19,20,29,41,31
3335,03-01-13,1,15,28,29,31,34,24
3336,06-01-13,4,7,15,19,27,40,29
3337,08-01-13,14,18,20,27,39,40,37
3338,10-01-13,4,5,18,22,25,37,40
3339,13-01-13,4,18,21,24,25,39,16
3340,15-01-13,6,9,11,30,35,37,36
3341,17-01-13,8,12,15,18,35,37,22
3342,20-01-13,6,8,16,18,29,38,10
3343,22-01-13,7,12,20,27,39,41,21
3344,24-01-13,4,6,16,26,32,35,27
3345,27-01-13,2,19,26,28,37,40,41
3346,29-01-13,3,4,11,14,29,31,18
3347,31-01-13,2,14,21,22,35,41,39
3348,03-02-13,3,9,21,23,31,39,41
3349,05-02-13,18,22,26,32,33,41,39
3350,07-02-13,11,18,25,28,30,36,19
3351,10-02-13,22,25,28,37,38,40,4
3352,12-02-13,7,13,18,19,27,41,25
3353,14-02-13,3,13,18,26,31,41,38
3354,17-02-13,11,12,13,19,32,40,9
3355,19-02-13,26,30,31,35,36,37,1
3356,21-02-13,4,5,6,8,16,33,34
3357,24-02-13,3,5,14,15,29,35,8
3358,26-02-13,11,13,14,24,32,39,28
3359,28-02-13,2,7,22,24,25,34,13
3360,03-03-13,5,10,25,28,36,37,12
3361,05-03-13,7,21,27,30,36,41,8
3362,07-03-13,9,21,22,32,37,39,33
3363,10-03-13,7,8,15,18,31,34,6
3364,12-03-13,7,16,27,33,34,37,14
3365,14-03-13,11,12,18,23,33,39,25
3366,17-03-13,7,8,17,19,20,30,24
3367,19-03-13,3,10,14,19,22,25,35
3368,21-03-13,5,10,12,15,24,32,17
3369,24-03-13,19,21,25,26,36,41,11
3370,26-03-13,2,11,13,16,24,25,31
3371,28-03-13,5,10,16,24,33,39,2
3372,31-03-13,13,16,20,24,26,32,23
3373,02-04-13,5,11,27,31,33,36,8
3374,04-04-13,3,10,22,26,31,40,28
3375,07-04-13,28,30,33,36,40,41,24
3376,09-04-13,6,16,25,26,31,40,13
3377,11-04-13,1,6,10,15,20,22,8
3378,14-04-13,4,5,6,7,17,19,34
3379,16-04-13,14,29,33,37,39,41,26
3380,18-04-13,2,5,9,16,18,34,1
3381,21-04-13,3,16,21,30,36,38,41
3382,23-04-13,5,12,18,22,24,34,37
3383,25-04-13,24,25,26,28,33,37,16
3384,28-04-13,4,21,22,24,33,34,28
3385,30-04-13,9,20,24,31,32,40,14
3386,02-05-13,9,14,16,25,31,34,8
3387,05-05-13,3,11,16,22,39,41,21
3388,07-05-13,8,10,14,19,25,34,4
3389,09-05-13,1,2,13,22,25,33,11
3390,12-05-13,2,8,20,35,39,40,19
3391,14-05-13,10,15,17,19,24,30,21
3392,16-05-13,7,8,14,20,31,34,26
3393,19-05-13,1,9,11,24,25,36,16
3394,21-05-13,12,22,26,27,38,40,19
3395,23-05-13,4,5,6,21,28,32,38
3396,26-05-13,9,21,25,26,30,40,15
3397,28-05-13,18,20,25,28,30,41,36
3398,30-05-13,1,8,21,32,35,37,18
3399,02-06-13,4,8,14,19,30,37,23
3400,04-06-13,2,10,25,29,31,35,20
3401,06-06-13,10,16,17,20,31,36,38
3402,09-06-13,1,2,14,18,26,36,37
3403,11-06-13,2,4,7,15,25,35,38
3404,13-06-13,2,20,23,28,36,40,22
3405,16-06-13,9,20,21,27,30,39,8
3406,18-06-13,1,2,3,7,27,30,24
3407,20-06-13,1,3,9,10,16,27,14
3408,23-06-13,2,7,16,26,33,38,23
3409,25-06-13,13,26,28,29,32,34,37
3410,27-06-13,1,4,5,11,19,38,41
3411,30-06-13,1,12,19,24,31,38,22
3412,02-07-13,1,15,21,27,29,34,17
3413,04-07-13,4,7,10,18,27,29,23
3414,07-07-13,23,29,30,31,36,38,11
3415,09-07-13,3,8,15,21,30,38,17
3416,11-07-13,8,10,11,17,30,36,18
3417,14-07-13,7,8,26,30,37,41,25
3418,16-07-13,4,8,16,20,22,23,39
3419,18-07-13,3,16,17,36,39,41,19
3420,21-07-13,12,20,24,25,31,36,13
3421,23-07-13,4,9,31,32,34,37,35
3422,25-07-13,7,15,30,31,32,33,28
3423,28-07-13,7,8,22,35,36,38,2
3424,30-07-13,15,23,37,38,40,41,6
3425,01-08-13,3,7,17,26,27,39,5
3426,04-08-13,5,7,13,18,26,36,30
3427,06-08-13,9,28,30,33,34,36,4
3428,08-08-13,3,11,20,28,33,38,14
3429,11-08-13,1,16,20,25,32,33,2
3430,13-08-13,7,19,25,33,34,41,24
3431,15-08-13,2,4,7,24,30,35,14
3432,18-08-13,1,9,13,14,15,23,35
3433,20-08-13,28,29,30,33,34,38,15
3434,22-08-13,1,12,14,19,36,39,29
3435,25-08-13,3,8,12,20,35,41,24
3436,27-08-13,1,2,5,7,28,31,20
3437,29-08-13,12,26,28,32,40,41,17
3438,01-09-13,4,14,17,21,39,41,27
3439,03-09-13,15,19,24,30,33,39,16
3440,05-09-13,11,23,32,35,37,39,7
3441,08-09-13,7,10,16,33,39,40,19
3442,10-09-13,6,7,12,14,29,31,41
3443,12-09-13,5,11,24,26,32,40,30
3444,15-09-13,4,6,20,21,33,37,24
3445,17-09-13,15,22,25,26,37,38,32
3446,19-09-13,13,19,24,25,26,31,18
3447,22-09-13,16,20,21,36,37,38,14
3448,24-09-13,8,14,24,29,38,41,18
3449,26-09-13,1,2,14,15,29,41,33
3450,29-09-13,11,14,19,22,33,39,40
3451,01-10-13,2,8,13,23,26,34,22
3452,03-10-13,2,3,7,19,38,41,17
3453,06-10-13,1,4,11,19,25,37,17
3454,08-10-13,10,16,28,31,38,41,11
3455,10-10-13,11,12,13,14,17,30,7
3456,13-10-13,7,13,15,19,31,35,23
3457,15-10-13,1,4,7,20,28,41,23
3458,17-10-13,6,9,17,19,23,30,41
3459,20-10-13,5,19,20,26,31,37,13
3460,22-10-13,2,14,15,17,26,34,35
3461,24-10-13,3,8,24,28,30,35,9
3462,27-10-13,4,10,11,31,33,34,19
3463,29-10-13,3,5,31,33,37,39,41
3464,31-10-13,1,2,13,15,21,24,17
3465,03-11-13,1,11,17,22,25,33,5
3466,05-11-13,8,16,19,31,37,38,11
3467,07-11-13,4,5,14,16,25,29,23
3468,10-11-13,11,20,27,35,38,41,12
3469,12-11-13,7,12,17,26,31,35,16
3470,14-11-13,3,6,15,22,32,38,37
3471,17-11-13,8,17,26,28,37,40,6
3472,19-11-13,2,6,24,27,32,40,8
3473,21-11-13,3,5,10,13,15,36,21
3474,24-11-13,9,12,13,23,27,29,28
3475,26-11-13,17,30,36,39,40,41,2
3476,28-11-13,5,10,11,20,22,24,17
3477,01-12-13,1,6,7,25,30,37,28
3478,03-12-13,6,7,9,26,28,36,17
3479,05-12-13,3,7,12,18,23,33,41
3480,08-12-13,3,7,13,22,28,32,26
3481,10-12-13,2,4,8,22,28,29,20
3482,12-12-13,2,4,9,14,36,41,31
3483,15-12-13,2,3,15,16,18,20,22
3484,17-12-13,22,24,28,30,36,38,11
3485,19-12-13,2,11,17,21,24,29,4
3486,22-12-13,2,3,15,25,36,41,29
3487,24-12-13,8,12,13,23,30,34,9
3488,26-12-13,3,9,21,25,30,41,34
3489,29-12-13,1,6,13,16,18,26,30
3490,31-12-13,3,8,20,32,33,41,27
3491,02-01-14,3,7,11,12,23,33,26
3492,05-01-14,1,3,30,36,40,41,35
3493,07-01-14,8,9,14,16,21,37,23
3494,09-01-14,5,13,19,23,31,38,2
3495,12-01-14,1,4,7,23,31,32,11
3496,14-01-14,10,13,14,15,20,25,34
3497,16-01-14,17,22,29,30,36,37,21
3498,19-01-14,3,4,12,15,18,28,37
3499,21-01-14,3,4,8,19,23,35,29
3500,23-01-14,1,2,15,18,29,40,10
3501,26-01-14,6,16,18,23,24,38,3
3502,28-01-14,6,26,30,33,38,40,1
3503,30-01-14,8,11,14,19,25,35,1
3504,02-02-14,5,6,12,21,30,35,28
3505,04-02-14,14,15,19,20,34,38,35
3506,06-02-14,4,7,18,23,25,29,5
3507,09-02-14,10,17,18,20,33,38,4
3508,11-02-14,4,26,27,30,35,40,8
3509,13-02-14,3,5,6,22,29,36,15
3510,16-02-14,3,14,17,33,34,35,1
3511,18-02-14,3,6,8,26,27,32,4
3512,20-02-14,4,11,17,19,22,32,27
3513,23-02-14,6,8,23,29,34,40,2
3514,25-02-14,9,16,22,23,30,38,10
3515,27-02-14,10,19,22,32,38,39,20
3516,02-03-14,7,12,20,24,27,41,3
3517,04-03-14,4,7,17,19,30,39,15
3518,06-03-14,8,15,16,24,25,38,9
3519,09-03-14,5,11,21,31,34,40,10
3520,11-03-14,5,11,16,30,31,36,7
3521,13-03-14,4,6,12,17,35,36,11
3522,16-03-14,3,5,8,20,25,30,24
3523,18-03-14,10,16,24,26,37,40,5
3524,20-03-14,1,4,9,11,26,36,5
3525,23-03-14,1,6,27,35,39,40,28
3526,25-03-14,4,19,26,29,33,40,3
3527,27-03-14,5,8,16,18,34,37,26
3528,30-03-14,14,18,33,34,36,38,25
3529,01-04-14,1,2,5,6,22,32,19
3530,03-04-14,1,8,21,23,29,33,5
3531,06-04-14,1,3,6,9,20,24,37
3532,08-04-14,6,17,23,25,32,37,21
3533,10-04-14,8,10,15,27,33,40,29
3534,13-04-14,10,17,21,31,34,36,29
3535,15-04-14,2,6,11,23,25,34,10
3536,17-04-14,1,6,8,9,20,22,37
3537,20-04-14,14,15,20,22,25,38,9
3538,22-04-14,1,4,14,21,22,38,26
3539,24-04-14,2,4,15,21,33,39,1
3540,27-04-14,5,7,19,25,27,40,37
3541,29-04-14,1,5,7,21,33,35,41
3542,01-05-14,3,5,10,13,18,23,27
3543,04-05-14,2,4,27,33,39,41,37
3544,06-05-14,12,14,28,32,36,40,20
3545,08-05-14,8,9,11,22,25,30,24
3546,11-05-14,4,6,9,15,33,34,3
3547,13-05-14,1,3,13,23,24,30,18
3548,15-05-14,15,16,25,36,37,39,2
3549,18-05-14,21,27,30,31,35,36,1
3550,20-05-14,20,21,22,34,35,37,27
3551,22-05-14,2,8,26,28,35,39,38
3552,25-05-14,6,7,8,19,21,31,3
3553,27-05-14,4,6,11,17,19,33,13
3554,29-05-14,4,12,21,24,25,26,3
3555,01-06-14,8,23,32,34,35,39,10
3556,03-06-14,5,11,21,22,24,40,33
3557,05-06-14,6,10,11,13,21,36,39
3558,08-06-14,2,17,20,28,30,39,11
3559,10-06-14,4,21,25,26,27,28,14
3560,12-06-14,21,26,29,35,38,41,17
3561,15-06-14,5,13,14,18,19,41,2
3562,17-06-14,5,6,12,25,29,32,2
3563,19-06-14,2,10,20,29,31,40,8
3564,22-06-14,6,10,22,30,36,37,4
3565,24-06-14,4,13,27,31,35,41,28
3566,26-06-14,9,18,33,36,38,41,39
3567,29-06-14,4,13,17,20,40,41,11
3568,01-07-14,2,5,8,15,34,39,3
3569,03-07-14,5,10,22,29,31,34,16
3570,06-07-14,1,5,21,22,31,41,7
3571,08-07-14,16,23,25,32,38,40,8
3572,10-07-14,1,7,20,21,23,31,39
3573,13-07-14,5,8,22,27,28,35,17
3574,15-07-14,5,10,11,15,27,29,28
3575,17-07-14,4,14,18,20,28,34,32
3576,20-07-14,3,12,25,28,29,31,2
3577,22-07-14,3,11,14,19,23,41,15
3578,24-07-14,3,4,13,24,32,41,11
3579,27-07-14,1,4,10,21,28,30,24
3580,29-07-14,1,7,11,17,27,28,32
3581,31-07-14,8,23,28,31,35,39,22
3582,03-08-14,2,17,21,23,33,36,3
3583,05-08-14,11,13,24,27,31,32,15
3584,07-08-14,7,11,24,30,36,41,13
3585,10-08-14,5,13,19,21,24,33,6
3586,12-08-14,1,8,16,27,34,35,21
3587,14-08-14,9,20,26,28,37,38,27
3588,17-08-14,14,15,17,28,32,39,37
3589,19-08-14,2,9,10,16,21,30,14
3590,21-08-14,3,4,11,12,15,22,24
3591,24-08-14,5,7,14,15,24,37,21
3592,26-08-14,4,12,26,27,29,40,33
3593,28-08-14,10,21,33,37,39,40,15
3594,31-08-14,2,18,23,26,34,41,14
3595,02-09-14,6,7,9,20,23,35,28
3596,04-09-14,10,13,16,30,37,40,4
3597,07-09-14,11,17,18,23,38,39,2
3598,09-09-14,2,5,8,11,30,33,37
3599,11-09-14,5,6,21,24,28,29,10
3600,14-09-14,7,10,12,29,31,36,15
3601,16-09-14,11,25,27,31,32,38,5
3602,18-09-14,6,8,16,17,30,32,15
3603,21-09-14,1,2,22,29,39,40,6
3604,23-09-14,10,12,13,14,17,23,2
3605,25-09-14,4,7,16,23,30,40,21
3606,28-09-14,4,6,10,12,13,24,38
3607,30-09-14,1,22,26,31,32,35,12
3608,02-10-14,12,26,33,36,38,41,29
3609,05-10-14,6,10,17,24,27,40,39
3610,07-10-14,1,5,10,25,34,41,29
3611,09-10-14,1,17,19,24,28,34,31
3612,12-10-14,1,6,11,13,18,29,31
3613,14-10-14,3,19,28,30,31,36,33
3614,16-10-14,11,16,17,26,30,40,14
3615,19-10-14,5,13,18,25,28,35,40
3616,21-10-14,20,21,25,30,34,38,9
3617,23-10-14,7,9,14,24,33,38,39
3618,26-10-14,2,21,24,26,33,36,13
3619,28-10-14,2,15,20,22,27,31,30
3620,30-10-14,1,7,9,13,25,38,37
3621,02-11-14,5,22,23,24,27,38,10
3622,04-11-14,2,7,14,21,32,34,1
3623,06-11-14,9,26,27,33,35,41,13
3624,09-11-14,9,28,29,31,34,35,3
3625,11-11-14,15,21,25,34,37,39,2
3626,13-11-14,16,29,31,35,37,39,6
3627,16-11-14,5,6,9,11,28,31,36
3628,18-11-14,2,6,7,29,34,38,40
3629,20-11-14,9,12,22,30,31,35,6
3630,23-11-14,1,11,14,18,19,20,41
3631,25-11-14,6,10,23,27,28,37,35
3632,27-11-14,1,5,15,20,39,40,35
3633,30-11-14,4,9,13,16,20,38,11
3634,02-12-14,3,8,10,11,14,17,31
3635,04-12-14,5,16,21,22,27,33,3
3636,07-12-14,4,13,20,21,33,37,19
3637,09-12-14,2,9,12,25,28,37,10
3638,11-12-14,5,6,17,24,32,37,25
3639,14-12-14,28,29,34,37,38,40,41
3640,16-12-14,4,16,18,22,33,37,41
3641,18-12-14,4,12,24,27,31,35,30
3642,21-12-14,7,8,18,28,29,32,34
3643,23-12-14,5,8,22,27,39,40,25
3644,25-12-14,3,9,25,32,40,41,21
3645,28-12-14,12,21,28,31,39,40,9
3646,30-12-14,4,5,8,12,16,25,32
3647,01-01-15,4,8,17,20,24,28,30
3648,04-01-15,5,13,20,22,28,31,1
3649,06-01-15,1,13,16,27,32,41,9
3650,08-01-15,3,4,11,22,23,38,1
3651,11-01-15,1,5,6,27,29,30,15
3652,13-01-15,18,21,27,28,36,37,26
3653,15-01-15,10,11,15,28,37,38,7
3654,18-01-15,1,11,13,27,30,33,32
3655,20-01-15,13,19,20,29,34,36,18
3656,22-01-15,17,19,22,33,37,39,16
3657,25-01-15,2,3,6,13,29,39,11
3658,27-01-15,2,10,17,29,38,39,21
3659,29-01-15,2,13,15,24,25,26,28
3660,01-02-15,4,10,13,17,18,20,38
3661,03-02-15,13,14,24,30,35,40,41
3662,05-02-15,13,14,20,31,35,38,17
3663,10-02-15,8,15,28,36,37,41,33
3664,12-02-15,2,4,8,10,23,38,25
3665,15-02-15,1,8,11,17,32,35,40
3666,17-02-15,9,17,22,26,32,36,16
3667,19-02-15,9,12,19,28,35,41,8
3668,22-02-15,9,15,25,29,30,32,19
3669,24-02-15,1,3,12,17,24,27,6
3670,26-02-15,1,5,14,28,30,40,19
3671,01-03-15,4,9,18,30,32,36,22
3672,03-03-15,4,17,18,28,40,41,14
3673,05-03-15,6,13,18,19,21,25,26
3674,08-03-15,6,8,17,18,26,38,19
3675,10-03-15,3,6,7,23,25,40,34
3676,12-03-15,2,17,22,28,31,33,11
3677,15-03-15,3,6,7,15,18,19,10
3678,17-03-15,1,10,16,17,19,28,41
3679,19-03-15,5,18,29,30,33,35,11
3680,22-03-15,1,3,4,9,11,32,25
3681,24-03-15,2,6,9,11,12,27,3
3682,26-03-15,6,7,12,17,22,35,19
3683,29-03-15,4,5,15,28,38,39,36
3684,31-03-15,9,11,12,16,23,33,29
3685,02-04-15,16,17,24,25,37,40,41
3686,05-04-15,13,15,27,32,34,39,36
3687,07-04-15,4,15,17,20,21,28,23
3688,09-04-15,8,9,23,25,28,40,26
3689,12-04-15,11,15,25,29,30,39,10
3690,14-04-15,8,23,28,31,33,40,12
3691,16-04-15,5,12,17,18,20,26,4
3692,19-04-15,8,12,16,24,32,35,4
3693,21-04-15,10,11,23,26,28,31,18
3694,23-04-15,3,7,8,23,37,38,1
3695,26-04-15,5,18,25,27,29,39,38
3696,28-04-15,1,15,18,19,24,26,22
3697,30-04-15,10,15,22,26,31,33,18
3698,03-05-15,11,25,30,33,34,36,21
3699,05-05-15,4,7,10,16,18,36,19
3700,07-05-15,1,11,18,26,36,40,17
3701,10-05-15,1,19,25,36,37,41,32
3702,12-05-15,13,15,18,37,38,41,12
3703,14-05-15,25,26,27,34,38,40,28
3704,17-05-15,6,9,10,17,20,38,16
3705,19-05-15,11,12,15,21,24,41,38
3706,21-05-15,10,11,12,30,32,33,27
3707,24-05-15,6,7,9,14,28,33,39
3708,26-05-15,1,7,20,39,40,41,6
3709,28-05-15,1,15,18,21,25,35,20
3710,31-05-15,7,8,10,19,25,36,34
3711,02-06-15,12,13,15,25,32,35,23
3712,04-06-15,1,10,23,27,29,41,38
3713,07-06-15,5,10,13,19,24,35,38
3714,09-06-15,4,9,17,19,22,36,32
3715,11-06-15,3,10,18,26,31,34,14
3716,14-06-15,10,19,25,26,34,40,39
3717,16-06-15,1,27,29,30,35,39,6
3718,18-06-15,3,12,13,22,26,28,9
3719,21-06-15,6,11,17,20,25,33,14
3720,23-06-15,2,9,12,25,33,35,40
3721,25-06-15,1,2,5,21,30,36,24
3722,28-06-15,4,18,25,31,34,35,17
3723,30-06-15,8,10,15,23,25,29,37
3724,02-07-15,6,8,10,21,24,32,41
3725,05-07-15,1,4,21,28,33,36,9
3726,07-07-15,1,3,4,9,39,41,2
3727,09-07-15,9,12,13,20,24,26,19
3728,12-07-15,1,8,22,28,36,39,24
3729,14-07-15,16,24,25,34,39,41,31
3730,16-07-15,8,19,30,36,38,40,41
3731,19-07-15,5,7,13,14,21,25,15
3732,21-07-15,7,14,16,24,25,33,3
3733,23-07-15,1,4,16,23,26,28,31
3734,26-07-15,5,9,22,27,29,41,25
3735,28-07-15,5,16,19,24,32,41,25
3736,30-07-15,7,9,11,12,17,36,8
3737,02-08-15,3,7,12,16,21,27,17
3738,04-08-15,18,27,30,31,35,37,32
3739,06-08-15,1,4,5,26,32,41,39
3740,09-08-15,9,11,24,27,34,36,5
3741,11-08-15,3,9,19,22,24,35,26
3742,13-08-15,3,14,15,22,23,29,12
3743,16-08-15,3,24,25,31,33,38,40
3744,18-08-15,5,10,16,20,32,36,24
3745,20-08-15,2,4,10,31,34,38,8
3746,23-08-15,1,3,12,27,30,33,9
3747,25-08-15,3,14,19,24,29,39,4
3748,27-08-15,3,4,7,10,25,40,13
3749,30-08-15,6,9,14,21,33,38,39
3750,01-09-15,14,19,20,31,33,34,41
3751,03-09-15,6,7,8,18,34,41,35
3752,06-09-15,9,11,22,30,32,33,2
3753,08-09-15,4,6,7,19,23,31,37
3754,10-09-15,10,20,27,28,33,38,11
3755,13-09-15,2,9,18,34,36,38,28
3756,15-09-15,12,13,15,17,18,24,23
3757,17-09-15,4,5,15,20,24,29,26
3758,20-09-15,2,4,5,26,30,40,15
3759,22-09-15,4,9,12,21,32,37,41
3760,24-09-15,2,6,10,14,31,33,29
3761,27-09-15,26,29,30,31,33,38,3
3762,29-09-15,5,11,23,26,36,37,17
3763,01-10-15,16,22,23,25,28,40,34
3764,04-10-15,2,7,14,26,30,40,8
3765,06-10-15,3,18,25,28,37,41,11
3766,08-10-15,15,16,28,29,34,37,8
3767,11-10-15,21,22,23,29,37,39,3
3768,13-10-15,2,5,6,21,22,26,7
3769,15-10-15,1,9,20,22,26,33,40
3770,18-10-15,1,9,10,22,24,27,18
3771,20-10-15,13,17,20,23,30,38,15
3772,22-10-15,5,7,10,26,27,37,1
3773,25-10-15,5,7,9,15,25,35,2
3774,27-10-15,12,14,20,22,24,31,32
3775,29-10-15,16,26,27,36,38,39,10
3776,01-11-15,18,24,27,29,31,38,11
3777,03-11-15,2,7,21,31,33,34,23
3778,05-11-15,3,4,7,10,13,29,33
3779,08-11-15,6,7,8,16,17,34,22
3780,10-11-15,1,2,4,11,13,15,24
3781,12-11-15,17,18,19,28,39,40,30
3782,15-11-15,4,13,16,20,30,36,2
3783,17-11-15,11,15,21,37,40,41,9
3784,19-11-15,1,2,4,28,37,39,32
3785,22-11-15,2,7,8,22,29,38,36
3786,24-11-15,7,28,29,31,38,39,2
3787,26-11-15,5,8,10,15,26,36,24
3788,29-11-15,13,18,28,30,32,34,17
3789,01-12-15,8,12,24,26,30,31,11
3790,03-12-15,16,19,20,28,31,32,2
3791,06-12-15,4,11,14,17,25,32,40
3792,08-12-15,3,13,20,26,29,38,31
3793,10-12-15,6,7,8,11,28,35,2
3794,13-12-15,6,9,16,21,27,31,4
3795,15-12-15,5,6,7,10,17,41,27
3796,17-12-15,10,13,20,22,28,33,3
3797,20-12-15,2,16,32,33,34,41,24
3798,22-12-15,2,3,12,26,30,33,37
3799,24-12-15,4,23,25,29,30,41,2
3800,27-12-15,7,12,24,26,32,36,4
3801,29-12-15,3,9,15,17,31,35,38
3802,31-12-15,5,19,24,25,31,35,18
3803,03-01-16,7,14,16,19,24,35,5
3804,05-01-16,3,8,11,20,23,24,25
3805,07-01-16,1,5,10,12,14,18,4
3806,10-01-16,16,18,22,23,34,36,38
3807,12-01-16,1,19,22,35,36,37,5
3808,14-01-16,2,8,18,24,32,38,28
3809,17-01-16,9,14,15,22,35,38,29
3810,19-01-16,15,19,20,30,31,41,14
3811,21-01-16,2,24,34,35,37,39,20
3812,24-01-16,9,15,25,28,33,39,3
3813,26-01-16,3,6,12,16,29,34,32
3814,28-01-16,2,7,12,22,30,35,23
3815,31-01-16,1,13,25,33,35,37,20
3816,02-02-16,4,17,22,24,34,39,2
3817,04-02-16,6,9,15,18,19,39,4
3818,07-02-16,7,11,16,18,28,35,19
3819,09-02-16,9,13,24,25,38,40,1
3820,11-02-16,5,15,27,29,32,40,25
3821,14-02-16,1,5,21,22,27,28,26
3822,16-02-16,1,6,14,19,22,40,2
3823,18-02-16,4,9,20,23,28,35,17
3824,21-02-16,17,22,23,29,36,37,35
3825,23-02-16,1,4,27,36,38,39,18
3826,25-02-16,8,13,16,30,32,40,1
3827,28-02-16,4,13,23,25,29,39,32
3828,01-03-16,1,5,14,16,28,35,21
3829,03-03-16,2,6,18,20,33,40,12
3830,06-03-16,6,14,16,17,22,34,18
3831,08-03-16,20,31,35,38,40,41,5
3832,10-03-16,1,5,18,33,34,35,29
3833,13-03-16,5,12,17,24,32,41,11
3834,15-03-16,2,6,7,28,33,40,14
3835,17-03-16,5,17,28,30,33,41,3
3836,20-03-16,2,15,18,25,29,36,17
3837,22-03-16,4,5,6,8,17,35,1
3838,24-03-16,2,4,14,17,30,40,33
3839,27-03-16,5,9,18,29,39,40,16
3840,29-03-16,4,5,14,30,33,38,26
3841,31-03-16,5,12,13,29,31,37,28
3842,03-04-16,3,12,20,21,26,36,5
3843,05-04-16,1,3,11,15,21,35,16
3844,07-04-16,1,2,3,24,32,36,18
3845,10-04-16,17,27,29,30,37,39,33
3846,12-04-16,7,9,22,29,31,40,39
3847,14-04-16,1,2,3,7,11,34,14
3848,17-04-16,11,12,15,16,18,37,38
3849,19-04-16,6,13,14,19,20,21,9
3850,21-04-16,6,14,18,24,27,41,20
3851,24-04-16,12,13,15,22,31,37,39
3852,26-04-16,15,21,24,28,33,34,14
3853,28-04-16,5,7,11,17,26,34,19
3854,01-05-16,2,5,9,14,21,27,19
3855,03-05-16,4,5,6,7,37,40,34
3856,05-05-16,7,10,14,16,19,23,24
3857,08-05-16,4,7,11,14,30,41,28
3858,10-05-16,1,8,19,20,27,30,13
3859,12-05-16,5,17,19,23,27,30,7
3860,15-05-16,10,14,15,20,28,32,34
3861,17-05-16,17,20,29,32,38,39,30
3862,19-05-16,6,16,24,31,32,40,3
3863,22-05-16,7,20,22,24,31,34,2
3864,24-05-16,10,12,13,29,32,40,39
3865,26-05-16,5,6,9,17,19,39,34
3866,29-05-16,5,8,16,20,37,38,39
3867,31-05-16,3,17,26,27,28,39,20
3868,02-06-16,3,5,13,18,27,38,8
3869,05-06-16,5,7,9,15,33,35,18
3870,07-06-16,2,18,19,21,30,40,20
3871,09-06-16,1,9,15,28,32,41,27
3872,12-06-16,2,9,21,25,26,38,10
3873,14-06-16,8,12,13,17,27,37,41
3874,16-06-16,6,10,23,24,35,36,14
3875,19-06-16,1,5,14,28,30,32,10
3876,21-06-16,2,3,4,26,28,31,40
3877,23-06-16,2,3,8,30,32,41,14
3878,26-06-16,2,4,16,27,35,36,8
3879,28-06-16,12,16,17,21,38,40,8
3880,30-06-16,1,3,4,14,17,21,37
3881,03-07-16,4,17,23,24,34,35,5
3882,05-07-16,16,20,27,28,34,40,38
3883,07-07-16,4,7,11,24,28,37,9
3884,10-07-16,11,13,15,21,22,31,27
3885,12-07-16,2,7,8,14,28,37,27
3886,14-07-16,5,9,18,30,36,39,1
3887,17-07-16,5,11,25,26,32,37,3
3888,19-07-16,3,12,13,19,33,40,8
3889,21-07-16,3,22,24,27,30,38,14
3890,24-07-16,2,5,8,17,18,33,23
3891,26-07-16,14,19,24,25,29,41,5
3892,28-07-16,15,16,17,20,30,32,9
3893,31-07-16,14,17,18,20,24,37,9
3894,02-08-16,4,10,11,13,31,32,28
3895,04-08-16,20,29,33,36,37,39,10
3896,07-08-16,4,14,15,30,36,37,35
3897,09-08-16,4,13,14,28,30,35,21
3898,11-08-16,8,10,20,25,31,40,3
3899,14-08-16,2,19,20,24,31,33,6
3900,16-08-16,2,3,20,27,33,34,4
3901,18-08-16,11,13,15,19,25,37,31
3902,21-08-16,3,8,10,24,31,36,9
3903,23-08-16,17,21,23,32,34,39,35
3904,25-08-16,11,13,21,26,33,34,9
3905,28-08-16,12,19,34,36,37,38,10
3906,30-08-16,13,17,26,32,40,41,18
3907,01-09-16,3,6,10,11,27,33,31
3908,04-09-16,15,16,21,29,39,41,35
3909,06-09-16,3,10,17,30,36,40,38
3910,08-09-16,4,5,6,21,22,30,38
3911,11-09-16,6,7,11,14,25,41,3
3912,13-09-16,6,9,23,29,35,36,13
3913,15-09-16,3,7,11,17,24,32,9
3914,18-09-16,1,2,29,30,35,40,7
3915,20-09-16,3,12,20,25,33,38,18
3916,22-09-16,15,16,17,25,33,37,40
3917,25-09-16,1,6,9,35,37,39,27
3918,27-09-16,4,14,16,19,25,33,6
3919,29-09-16,2,19,27,31,33,35,9
3920,02-10-16,11,12,20,28,34,41,2
3921,04-10-16,1,4,9,28,31,33,18
3922,06-10-16,5,8,13,16,31,37,10
3923,09-10-16,4,13,14,28,33,37,29
3924,11-10-16,4,9,10,22,24,33,17
3925,13-10-16,6,15,33,34,35,38,30
3926,16-10-16,7,15,23,30,36,40,24
3927,18-10-16,8,9,17,21,28,30,2
3928,20-10-16,1,3,7,20,25,38,15
3929,23-10-16,5,9,15,29,35,39,17
3930,25-10-16,7,23,25,27,30,32,26
3931,27-10-16,2,11,16,27,30,41,21
3932,30-10-16,4,5,22,25,31,34,29
3933,01-11-16,9,18,23,24,37,40,30
3934,03-11-16,8,11,13,14,23,31,37
3935,06-11-16,1,5,8,18,19,29,36
3936,08-11-16,3,11,28,32,38,41,34
3937,10-11-16,2,4,12,20,27,33,14
3938,13-11-16,2,4,20,26,33,36,1
3939,15-11-16,15,19,25,26,28,41,3
3940,17-11-16,6,19,22,25,32,37,2
3941,20-11-16,8,14,25,28,38,39,33
3942,22-11-16,1,2,8,17,22,40,25
3943,24-11-16,11,12,16,17,20,41,26
3944,27-11-16,1,10,11,34,38,39,21
3945,29-11-16,1,16,18,21,27,33,28
3946,01-12-16,8,12,14,18,37,38,27
3947,04-12-16,1,12,18,23,26,31,25
3948,06-12-16,4,8,12,21,23,33,39
3949,08-12-16,9,22,23,25,31,32,19
3950,11-12-16,2,14,15,25,31,38,17
3951,13-12-16,6,13,18,20,24,38,22
3952,15-12-16,5,11,30,33,34,35,4
3953,18-12-16,4,21,26,35,39,40,28
3954,20-12-16,5,10,14,23,28,38,18
3955,22-12-16,15,20,23,25,33,38,29
3956,25-12-16,21,23,27,31,36,41,17
3957,27-12-16,1,3,5,37,38,40,41
3958,29-12-16,2,6,15,23,34,37,12
3959,01-01-17,15,16,21,26,31,33,11
3960,03-01-17,12,18,24,27,28,33,17
3961,05-01-17,4,14,22,30,39,40,41
3962,08-01-17,5,6,19,33,34,37,28
3963,10-01-17,14,19,27,30,36,37,16
3964,12-01-17,5,16,34,38,39,40,24
3965,15-01-17,14,16,19,35,37,41,33
3966,17-01-17,3,13,19,29,34,35,36
3967,19-01-17,6,10,26,28,31,41,25
3968,22-01-17,6,20,24,25,30,38,13
3969,24-01-17,7,8,13,29,35,37,30
3970,26-01-17,1,5,18,33,35,38,15
3971,29-01-17,2,7,16,19,26,36,30
3972,31-01-17,2,8,17,18,22,27,16
3973,02-02-17,3,9,28,32,33,37,26
3974,05-02-17,1,2,10,19,31,40,5
3975,07-02-17,3,5,6,9,16,31,17
3976,09-02-17,1,2,21,31,35,38,25
3977,12-02-17,6,12,15,25,30,32,8
3978,14-02-17,5,14,19,22,33,35,10
3979,16-02-17,8,9,33,38,39,40,29
3980,19-02-17,5,11,12,15,23,27,35
3981,21-02-17,1,5,11,22,32,33,20
3982,23-02-17,7,9,16,23,31,41,2
3983,26-02-17,1,3,8,11,32,40,2
3984,28-02-17,2,6,28,31,35,40,21
3985,02-03-17,3,11,21,23,26,32,24
3986,05-03-17,1,4,5,21,22,24,19
3987,07-03-17,10,14,24,29,33,41,1
3988,09-03-17,2,9,22,29,30,36,18
3989,12-03-17,5,7,16,18,24,33,31
3990,14-03-17,3,11,19,20,25,28,37
3991,16-03-17,2,11,20,23,33,37,25
3992,19-03-17,6,11,15,17,23,38,14
3993,21-03-17,3,11,17,22,35,37,1
3994,23-03-17,1,19,21,30,35,38,40
3995,26-03-17,3,6,7,16,21,34,20
3996,28-03-17,1,4,21,24,29,34,38
3997,30-03-17,1,20,23,30,34,38,26
3998,02-04-17,3,8,13,34,40,41,11
3999,04-04-17,12,17,22,25,38,40,15
4000,06-04-17,18,19,21,22,31,33,29
4001,09-04-17,3,15,16,21,23,25,13
4002,11-04-17,8,9,20,21,37,41,19
4003,13-04-17,6,14,20,23,33,34,41
4004,16-04-17,9,11,19,20,28,36,8
4005,18-04-17,12,13,16,27,34,35,25
4006,20-04-17,5,10,15,16,18,38,33
4007,23-04-17,9,11,12,16,18,39,23
4008,25-04-17,7,12,23,26,36,40,32
4009,27-04-17,5,12,13,17,18,24,10
4010,30-04-17,7,8,11,30,33,38,40
4011,02-05-17,6,9,20,22,25,32,18
4012,04-05-17,9,11,12,25,30,36,4
4013,07-05-17,8,12,17,20,36,37,3
4014,09-05-17,7,23,27,28,32,41,34
4015,11-05-17,9,21,25,29,36,41,19
4016,14-05-17,2,21,24,28,34,35,7
4017,16-05-17,7,9,16,22,24,29,2
4018,18-05-17,8,13,19,23,31,38,29
4019,21-05-17,1,4,20,23,29,34,17
4020,23-05-17,4,6,22,32,33,34,39
4021,25-05-17,6,14,16,22,31,37,20
4022,28-05-17,4,5,11,16,21,29,37
4023,30-05-17,2,20,24,28,30,41,16
4024,01-06-17,7,10,12,19,28,40,13
4025,04-06-17,4,18,19,22,38,40,34
4026,06-06-17,11,15,21,26,29,32,28
4027,08-06-17,1,21,27,31,32,39,15
4028,11-06-17,10,11,14,25,32,35,33
4029,13-06-17,3,6,22,32,34,39,10
4030,15-06-17,1,8,17,19,27,31,18
4031,18-06-17,1,11,13,16,21,24,28
4032,20-06-17,7,9,16,21,22,26,20
4033,22-06-17,9,20,24,27,36,37,5
4034,25-06-17,3,9,13,30,32,39,38
4035,27-06-17,4,10,28,29,35,36,9
4036,29-06-17,5,7,14,33,37,38,31
4037,02-07-17,3,4,7,13,19,27,25
4038,04-07-17,1,5,12,20,23,40,4
4039,06-07-17,2,5,7,9,21,34,3
4040,09-07-17,4,22,24,27,34,35,30
4041,11-07-17,2,8,13,16,21,29,24
4042,13-07-17,4,12,14,15,23,39,1
4043,16-07-17,3,9,21,27,37,40,24
4044,18-07-17,4,19,27,28,29,32,40
4045,20-07-17,1,14,16,20,30,37,2
4046,23-07-17,13,14,25,29,40,41,20
4047,25-07-17,2,13,15,19,30,37,28
4048,27-07-17,6,17,19,24,28,31,1
4049,30-07-17,3,15,16,19,26,34,33
4050,01-08-17,1,3,16,19,20,24,18
4051,03-08-17,6,8,9,19,38,41,21
4052,06-08-17,3,10,22,29,39,40,18
4053,08-08-17,10,18,20,21,23,30,33
4054,10-08-17,2,6,11,16,21,30,29
4055,13-08-17,4,15,22,26,34,37,18
4056,15-08-17,1,9,19,22,31,37,38
4057,17-08-17,6,7,13,14,31,41,38
4058,20-08-17,8,9,10,17,19,39,21
4059,22-08-17,1,3,13,28,33,34,2
4060,24-08-17,21,24,25,26,27,28,1
4061,27-08-17,1,12,13,19,29,36,20
4062,29-08-17,4,7,15,18,35,38,37
4063,31-08-17,4,5,26,29,32,40,8
4064,03-09-17,6,10,13,28,31,33,5
4065,05-09-17,1,7,16,20,21,38,27
4066,07-09-17,5,6,8,9,11,18,14
4067,10-09-17,3,7,13,26,29,36,12
4068,12-09-17,3,10,16,32,36,41,39
4069,14-09-17,7,8,14,21,35,41,4
4070,17-09-17,8,10,11,15,33,41,1
4071,19-09-17,6,10,11,29,33,40,36
4072,21-09-17,2,4,15,23,28,34,33
4073,24-09-17,9,12,18,26,31,35,41
4074,26-09-17,5,8,11,13,18,23,30
4075,28-09-17,12,13,14,21,24,39,34
4076,01-10-17,8,9,19,25,36,38,37
4077,03-10-17,2,3,9,10,19,39,38
4078,05-10-17,1,15,16,26,29,41,40
4079,08-10-17,2,12,15,21,27,28,41
4080,10-10-17,2,3,30,32,38,41,37
4081,12-10-17,5,10,22,32,35,39,33
4082,15-10-17,10,11,28,29,36,40,14
4083,17-10-17,1,4,7,12,14,36,17
4084,19-10-17,1,6,14,19,28,37,20
4085,22-10-17,20,22,31,33,39,41,29
4086,24-10-17,4,18,21,23,30,40,22
4087,26-10-17,4,10,21,24,31,33,15
4088,29-10-17,15,20,22,27,31,33,41
4089,31-10-17,3,8,26,29,34,39,23
4090,02-11-17,2,12,19,26,37,38,29
4091,05-11-17,6,7,10,12,28,31,5
4092,07-11-17,6,13,15,21,29,30,8
4093,09-11-17,8,9,25,32,36,41,37
4094,12-11-17,1,9,21,26,35,40,38
4095,14-11-17,2,4,19,24,29,33,17
4096,16-11-17,8,14,16,17,24,30,38
4097,19-11-17,10,20,21,23,24,34,2
4098,21-11-17,1,4,5,18,20,35,33
4099,23-11-17,7,15,16,23,37,38,8
4100,26-11-17,18,23,27,38,39,40,15
4101,28-11-17,3,13,14,17,25,35,12
4102,30-11-17,6,8,16,34,36,40,9
4103,03-12-17,3,14,19,20,26,33,23
4104,05-12-17,2,12,21,23,29,31,11
4105,07-12-17,9,11,15,22,31,37,26
4106,10-12-17,7,14,16,32,35,38,4
4107,12-12-17,13,17,19,20,34,39,27
4108,14-12-17,5,15,28,34,37,39,6
4109,17-12-17,4,8,10,13,23,41,31
4110,19-12-17,9,14,17,27,32,36,23
4111,21-12-17,6,13,15,34,35,37,2
4112,24-12-17,3,4,14,15,23,29,16
4113,26-12-17,5,15,23,26,30,31,19
4114,28-12-17,1,3,10,13,25,33,17
4115,31-12-17,15,17,18,23,33,38,29
4116,02-01-18,6,10,18,27,34,40,36
4117,04-01-18,8,11,20,27,30,32,23
4118,07-01-18,13,14,17,20,33,40,23
4119,09-01-18,5,8,16,18,21,32,36
4120,11-01-18,2,6,22,23,34,37,27
4121,14-01-18,1,2,11,26,37,39,25
4122,16-01-18,2,12,18,22,30,35,16
4123,18-01-18,4,6,25,26,31,39,12
4124,21-01-18,5,6,20,21,30,37,12
4125,23-01-18,10,15,18,32,33,36,20
4126,25-01-18,11,15,27,28,32,40,4
4127,28-01-18,3,11,16,21,35,41,20
4128,30-01-18,9,12,13,23,31,35,24
4129,01-02-18,5,6,24,29,32,36,33
4130,04-02-18,5,17,25,30,32,34,19
4131,06-02-18,3,25,26,30,36,38,10
4132,08-02-18,1,18,20,30,35,40,16
4133,11-02-18,8,13,19,20,28,39,7
4134,13-02-18,5,20,21,22,29,30,34
4135,15-02-18,1,3,18,19,33,37,23
4136,18-02-18,4,16,22,26,33,40,14
4137,20-02-18,16,25,26,38,39,41,8
4138,22-02-18,2,7,17,21,22,37,6
4139,25-02-18,5,24,27,32,35,38,2
4140,27-02-18,3,10,25,36,39,40,34
4141,01-03-18,4,5,14,18,25,28,20
4142,04-03-18,11,13,16,21,37,41,6
4143,06-03-18,7,14,18,28,32,33,30
4144,08-03-18,12,16,17,25,38,40,39
4145,11-03-18,1,6,14,31,36,39,35
4146,13-03-18,2,6,12,18,29,36,10
4147,15-03-18,5,20,25,26,30,36,1
4148,18-03-18,5,11,21,22,32,34,37
4149,20-03-18,3,6,9,15,32,33,24
4150,22-03-18,3,10,11,16,28,34,25
4151,25-03-18,2,3,8,20,22,41,34
4152,27-03-18,3,13,14,15,26,33,39
4153,29-03-18,11,12,13,19,22,38,5
4154,01-04-18,13,21,23,29,34,39,16
4155,03-04-18,10,21,29,33,34,40,38
4156,05-04-18,3,12,22,25,31,36,35
4157,08-04-18,5,9,20,28,34,35,37
4158,10-04-18,12,18,19,30,33,39,40
4159,12-04-18,13,21,22,33,40,41,29
4160,15-04-18,2,9,12,19,25,28,30
4161,17-04-18,11,15,20,35,37,38,18
4162,19-04-18,3,10,20,23,27,34,30
4163,22-04-18,8,14,15,22,34,41,39
4164,24-04-18,13,16,32,35,36,37,33
4165,26-04-18,2,14,18,22,31,37,38
4166,29-04-18,5,12,22,26,27,28,6
4167,01-05-18,11,12,19,21,30,41,8
4168,03-05-18,9,12,17,18,29,39,38
4169,06-05-18,2,7,14,32,33,36,19
4170,08-05-18,8,9,28,32,33,38,16
4171,10-05-18,4,5,10,24,26,29,36
4172,13-05-18,1,13,15,24,25,35,19
4173,15-05-18,6,8,18,26,30,36,34
4174,17-05-18,8,13,24,25,33,40,23
4175,20-05-18,6,9,12,19,20,30,5
4176,22-05-18,7,8,16,24,28,32,30
4177,24-05-18,1,4,5,7,9,14,31
4178,27-05-18,2,4,18,22,39,41,11
4179,29-05-18,5,8,11,12,15,40,20
4180,31-05-18,2,12,13,19,32,38,34
4181,03-06-18,7,11,20,22,25,33,21
4182,05-06-18,3,12,25,38,40,41,7
4183,07-06-18,9,14,16,25,34,38,2
4184,10-06-18,4,9,11,15,21,32,12
4185,12-06-18,6,8,13,29,30,37,33
4186,14-06-18,1,12,17,21,25,37,34
4187,17-06-18,8,18,19,27,32,38,10
4188,19-06-18,1,9,14,18,19,23,8
4189,21-06-18,2,6,22,25,29,30,17
4190,24-06-18,5,19,29,34,38,40,25
4191,26-06-18,13,14,15,29,37,39,26
4192,28-06-18,20,23,27,30,32,39,7
4193,01-07-18,7,12,17,19,22,40,33
4194,03-07-18,7,8,10,33,35,38,36
4195,05-07-18,13,15,16,21,25,33,7
4196,08-07-18,2,3,7,13,24,40,33
4197,10-07-18,22,25,28,30,32,37,36
4198,12-07-18,12,13,17,19,23,36,6
4199,15-07-18,19,22,26,29,34,39,3
4200,17-07-18,9,26,28,32,35,39,33
4201,19-07-18,2,10,20,27,31,33,36
4202,22-07-18,6,13,14,21,25,32,28
4203,24-07-18,7,20,25,27,32,41,17
4204,26-07-18,6,20,27,29,37,41,35
4205,29-07-18,5,8,12,14,18,22,21
4206,31-07-18,12,14,20,21,22,39,41
4207,02-08-18,15,17,22,27,28,38,36
4208,05-08-18,3,18,21,28,29,35,11
4209,07-08-18,7,11,13,14,17,22,29
4210,09-08-18,15,23,24,29,31,35,25
4211,12-08-18,3,13,25,26,38,41,20
4212,14-08-18,3,8,9,21,24,27,18
4213,16-08-18,13,16,18,20,25,40,39
4214,19-08-18,1,6,7,31,34,37,26
4215,21-08-18,2,5,8,9,20,25,11
4216,23-08-18,9,14,22,23,30,34,8
4217,26-08-18,2,8,14,20,25,41,13
4218,28-08-18,6,11,14,27,36,37,3
4219,30-08-18,15,17,18,20,24,25,28
4220,02-09-18,10,13,16,23,31,37,30
4221,04-09-18,9,13,18,32,34,36,21
4222,06-09-18,1,13,15,27,29,39,8
4223,09-09-18,11,20,25,28,33,37,40
4224,11-09-18,1,9,28,38,40,41,25
4225,13-09-18,2,8,21,22,25,35,38
4226,16-09-18,5,15,18,33,34,39,41
4227,18-09-18,7,12,16,20,23,31,1
4228,20-09-18,7,8,11,29,35,36,40
4229,23-09-18,3,17,24,26,27,28,37
4230,25-09-18,12,15,20,21,38,41,32
4231,27-09-18,16,22,31,32,38,40,5
4232,30-09-18,2,4,21,23,33,40,27
4233,02-10-18,3,9,14,32,33,35,20
4234,04-10-18,1,4,19,20,27,41,7
4235,07-10-18,1,6,19,27,34,36,28
4236,09-10-18,1,11,25,33,36,40,28
4237,11-10-18,11,13,29,37,39,41,17
4238,14-10-18,4,16,20,26,29,32,12
4239,16-10-18,3,4,7,9,15,29,13
4240,18-10-18,3,10,23,24,27,34,14
4241,21-10-18,5,17,20,26,27,30,6
4242,23-10-18,20,24,27,32,34,38,15
4243,25-10-18,1,8,9,14,22,40,4
4244,28-10-18,9,12,19,20,31,39,4
4245,30-10-18,4,7,11,32,38,40,15
4246,01-11-18,6,10,16,21,26,37,11
4247,04-11-18,9,13,16,23,24,31,17
4248,06-11-18,9,20,30,32,34,36,26
4249,08-11-18,6,19,25,28,34,36,11
4250,11-11-18,1,2,7,8,12,35,19
4251,13-11-18,2,8,10,18,20,33,4
4252,15-11-18,4,22,23,24,29,37,11
4253,18-11-18,10,16,24,26,28,34,14
4254,20-11-18,2,7,10,18,21,34,33
4255,22-11-18,1,12,18,29,31,41,37
4256,25-11-18,2,8,24,27,32,34,15
4257,27-11-18,5,11,24,27,36,38,21
4258,29-11-18,3,6,8,26,34,35,15
4259,02-12-18,1,6,22,24,30,36,28
4260,04-12-18,7,18,26,30,31,41,3
4261,06-12-18,11,15,16,23,24,33,27
4262,09-12-18,2,5,9,12,21,35,39
4263,11-12-18,5,8,10,25,28,40,33
4264,13-12-18,5,13,15,20,35,40,24
4265,16-12-18,18,20,23,26,30,34,11
4266,18-12-18,1,7,10,16,18,32,17
4267,20-12-18,3,5,13,17,21,32,23
4268,23-12-18,9,27,28,33,37,40,24
4269,25-12-18,3,7,8,18,29,33,5
4270,27-12-18,9,13,15,19,26,30,2
4271,30-12-18,3,6,12,15,18,41,22
4272,01-01-19,6,8,22,25,37,41,13
4273,03-01-19,1,5,9,22,30,32,24
4274,06-01-19,9,13,21,33,38,40,25
4275,08-01-19,7,9,13,16,36,37,12
4276,10-01-19,6,12,15,24,25,26,8
4277,13-01-19,7,30,31,37,38,41,4
4278,15-01-19,16,26,28,32,35,39,2
4279,17-01-19,7,13,25,26,33,37,36
4280,20-01-19,4,9,16,17,22,27,35
4281,22-01-19,3,8,13,29,36,41,40
4282,24-01-19,2,4,11,17,26,41,19
4283,27-01-19,7,10,14,15,30,37,27
4284,29-01-19,3,11,12,14,40,41,20
4285,31-01-19,2,3,10,12,28,38,19
4286,03-02-19,9,16,18,20,24,27,7
4287,05-02-19,4,9,10,14,27,29,35
4288,07-02-19,2,26,31,34,35,39,11
4289,10-02-19,2,15,22,27,35,39,6
4290,12-02-19,14,19,25,26,37,39,3
4291,14-02-19,6,7,17,25,28,30,9
4292,17-02-19,15,19,21,34,35,39,29
4293,19-02-19,7,11,15,34,37,40,12
4294,21-02-19,11,17,29,34,36,39,26
4295,24-02-19,5,6,7,15,32,34,41
4296,26-02-19,19,21,26,27,35,37,6
4297,28-02-19,2,3,6,9,22,34,18
4298,03-03-19,8,12,15,21,26,41,6
4299,05-03-19,6,12,29,36,37,41,27
4300,07-03-19,9,14,21,22,33,41,20
4301,10-03-19,5,10,17,19,38,41,13
4302,12-03-19,6,7,19,37,38,40,11
4303,14-03-19,9,10,11,12,17,21,26
4304,17-03-19,9,16,20,29,32,37,12
4305,19-03-19,3,5,8,9,13,41,29
4306,21-03-19,5,6,24,28,30,31,35
4307,24-03-19,10,23,27,28,33,38,4
4308,26-03-19,8,9,20,21,29,41,18
4309,28-03-19,5,13,27,28,30,41,18
4310,31-03-19,6,25,29,35,37,38,10
4311,02-04-19,8,15,23,31,39,40,37
4312,04-04-19,4,7,18,19,25,37,10
4313,07-04-19,4,11,12,13,31,41,25
4314,09-04-19,10,16,21,22,38,41,19
4315,11-04-19,6,9,13,18,19,26,1
4316,14-04-19,5,15,24,26,31,39,32
4317,16-04-19,3,11,13,15,34,38,2
4318,18-04-19,5,8,18,33,34,37,10
4319,21-04-19,16,19,30,31,39,40,3
4320,23-04-19,1,3,5,7,31,32,13
4321,25-04-19,16,19,22,31,35,41,12
4322,28-04-19,1,2,11,18,22,39,29
4323,30-04-19,7,25,29,31,36,40,20
4324,02-05-19,3,8,13,21,28,30,2
4325,05-05-19,5,8,18,22,33,36,17
4326,07-05-19,11,15,17,20,25,26,41
4327,09-05-19,10,11,21,27,29,40,34
4328,12-05-19,2,12,13,18,28,31,20
4329,14-05-19,4,14,18,22,37,41,39
4330,16-05-19,1,12,18,26,33,34,8
4331,19-05-19,4,8,16,19,22,30,17
4332,21-05-19,14,24,26,30,32,40,8
4333,23-05-19,22,26,27,28,29,38,8
4334,26-05-19,5,6,9,16,30,35,15
4335,28-05-19,7,11,17,18,39,40,36
4336,30-05-19,1,15,21,34,35,37,27
4337,02-06-19,20,25,27,30,32,40,39
4338,04-06-19,1,6,12,18,29,36,10
4339,06-06-19,4,7,9,16,18,39,17
4340,09-06-19,1,9,18,20,30,36,11
4341,11-06-19,1,2,6,22,28,29,18
4342,13-06-19,3,5,11,24,25,35,10
4343,16-06-19,2,19,23,28,29,34,31
4344,18-06-19,2,9,11,15,16,20,25
4345,20-06-19,5,17,25,27,30,41,34
4346,23-06-19,1,14,22,24,26,39,35
4347,25-06-19,4,22,28,29,30,38,18
4348,27-06-19,6,7,12,22,38,40,17
4349,30-06-19,5,8,9,26,28,35,23
4350,02-07-19,2,11,12,14,15,19,17
4351,04-07-19,2,9,15,17,32,39,35
4352,07-07-19,13,14,15,16,29,36,2
4353,09-07-19,14,23,27,32,39,40,20
4354,11-07-19,4,7,15,22,25,35,16
4355,14-07-19,2,12,28,30,31,37,27
4356,16-07-19,5,8,13,14,31,32,9
4357,18-07-19,10,20,28,29,31,34,3
4358,21-07-19,17,19,21,24,30,38,7
4359,23-07-19,10,16,20,27,32,33,35
4360,25-07-19,2,5,9,19,23,27,38
4361,28-07-19,2,4,16,26,27,31,37
4362,30-07-19,8,15,19,22,29,37,13
4363,01-08-19,7,14,17,18,29,31,13
4364,04-08-19,11,13,19,35,37,39,41
4365,06-08-19,15,19,20,22,34,37,2
4366,08-08-19,9,13,24,31,36,41,5
4367,11-08-19,2,3,12,20,21,32,31
4368,13-08-19,15,20,22,24,29,35,9
4369,15-08-19,1,6,17,23,26,33,29
4370,18-08-19,3,16,17,18,22,23,7
4371,20-08-19,1,10,14,22,25,38,30
4372,22-08-19,14,23,27,28,36,41,34
4373,25-08-19,2,11,28,29,35,38,27
4374,27-08-19,3,16,25,28,33,37,15
4375,29-08-19,1,3,14,28,38,39,25
4376,01-09-19,2,4,11,20,26,37,24
4377,03-09-19,2,14,20,27,28,35,10
4378,05-09-19,3,7,8,30,31,41,18
4379,08-09-19,17,30,31,32,35,39,23
4380,10-09-19,1,2,7,18,20,30,40
4381,12-09-19,6,16,24,38,39,40,21
4382,15-09-19,3,6,7,20,25,37,2
4383,17-09-19,21,22,26,29,34,39,20
4384,19-09-19,3,12,17,21,32,35,23
4385,22-09-19,2,9,10,14,29,35,8
4386,24-09-19,11,13,21,29,31,38,23
4387,26-09-19,6,8,15,17,26,36,32
4388,29-09-19,3,5,18,24,29,30,22
4389,01-10-19,4,10,19,29,35,40,1
4390,03-10-19,5,6,16,20,29,40,30
4391,06-10-19,2,4,6,23,25,35,33
4392,08-10-19,2,5,14,16,27,34,37
4393,10-10-19,12,13,20,26,28,36,10
4394,13-10-19,4,6,10,15,20,40,31
4395,15-10-19,11,16,21,25,27,30,33
4396,17-10-19,7,11,13,18,26,34,35
4397,20-10-19,6,10,12,19,21,37,13
4398,22-10-19,6,17,28,30,34,41,29
4399,24-10-19,1,10,13,27,28,32,3
4400,27-10-19,3,10,21,31,34,38,28
4401,29-10-19,2,10,16,22,29,35,6
4402,31-10-19,14,21,23,37,38,40,18
4403,03-11-19,1,13,19,20,21,37,24
4404,05-11-19,8,17,23,24,32,35,16
4405,07-11-19,10,18,22,25,26,28,20
4406,10-11-19,4,26,28,31,34,41,19
4407,12-11-19,5,7,10,16,24,34,37
4408,14-11-19,15,18,28,33,35,41,21
4409,17-11-19,9,20,21,22,30,34,3
4410,19-11-19,2,8,19,29,32,40,3
4411,21-11-19,1,9,11,13,23,30,12
4412,24-11-19,1,13,17,19,27,38,30
4413,26-11-19,9,11,21,25,35,37,34
4414,28-11-19,3,6,18,22,31,33,41
4415,01-12-19,2,3,8,13,20,30,19
4416,03-12-19,6,7,18,32,34,37,30
4417,05-12-19,2,9,20,22,31,41,15
4418,08-12-19,2,6,9,12,23,38,15
4419,10-12-19,2,3,23,27,34,35,33
4420,12-12-19,1,15,18,23,34,37,19
4421,15-12-19,21,24,31,32,37,39,41
4422,17-12-19,7,9,14,19,35,40,17
4423,19-12-19,10,13,20,33,39,41,18
4424,22-12-19,4,15,23,25,28,32,11
4425,24-12-19,3,17,18,24,38,39,20
4426,26-12-19,1,2,4,17,36,41,26
4427,29-12-19,8,13,21,25,30,41,17
4428,31-12-19,14,18,19,22,26,31,41
4429,02-01-20,7,24,26,29,36,40,28
4430,05-01-20,12,14,18,19,25,33,23
4431,07-01-20,2,5,27,33,35,38,34
4432,09-01-20,4,7,11,13,17,41,28
4433,12-01-20,6,8,14,23,33,39,3
4434,14-01-20,6,15,25,27,32,33,34
4435,16-01-20,6,11,18,23,24,41,10
4436,19-01-20,16,17,18,19,32,37,29
4437,21-01-20,5,13,17,26,27,32,24
4438,23-01-20,6,16,22,23,26,29,3
4439,26-01-20,2,3,4,15,23,38,34
4440,28-01-20,4,8,11,21,36,40,26
4441,30-01-20,3,10,20,32,33,38,16
4442,02-02-20,18,23,24,30,35,36,11
4443,04-02-20,14,22,28,31,36,39,12
4444,06-02-20,16,20,22,24,31,35,18
4445,09-02-20,1,18,21,23,31,39,12
4446,11-02-20,4,8,24,26,34,36,38
4447,13-02-20,4,18,19,20,32,41,7
4448,16-02-20,3,16,21,28,34,36,18
4449,18-02-20,5,20,23,33,35,39,36
4450,20-02-20,2,12,19,24,27,38,20
4451,23-02-20,5,8,18,22,29,31,32
4452,25-02-20,5,9,17,20,33,37,38
4453,27-02-20,13,24,29,34,36,37,31
4454,01-03-20,12,25,31,34,38,41,1
4455,03-03-20,5,11,17,18,22,24,25
4456,05-03-20,5,11,15,22,29,40,41
4457,08-03-20,17,18,20,27,28,29,1
4458,10-03-20,4,8,11,17,19,23,32
4459,12-03-20,2,7,15,16,29,31,10
4460,15-03-20,5,15,21,31,34,38,3
4461,17-03-20,7,17,26,28,34,36,2
4462,19-03-20,2,11,14,22,33,40,37
4463,22-03-20,10,11,15,23,31,36,6
4464,24-03-20,4,9,13,16,25,39,20
4465,26-03-20,4,10,23,27,28,33,40
4466,29-03-20,2,11,22,24,25,27,19
4467,31-03-20,15,22,23,34,39,41,4
4468,02-04-20,8,17,21,26,29,38,1
4469,05-04-20,5,13,20,29,30,39,15
4470,07-04-20,2,5,23,30,32,38,28
4471,09-04-20,3,8,16,31,33,35,22
4472,12-04-20,8,10,14,17,25,32,18
4473,14-04-20,7,14,27,32,40,41,20
4474,16-04-20,6,8,9,23,30,40,27
4475,19-04-20,1,20,23,25,30,31,33
4476,21-04-20,1,2,4,12,17,34,28
4477,23-04-20,8,29,32,36,37,40,25
4478,26-04-20,1,14,19,21,25,37,30
4479,28-04-20,8,16,18,29,32,35,7
4480,30-04-20,12,16,19,20,21,25,13
4481,03-05-20,5,16,22,28,36,39,23
4482,05-05-20,6,12,29,35,39,40,11
4483,07-05-20,11,15,23,27,34,36,29
4484,10-05-20,3,6,9,13,14,32,23
4485,12-05-20,11,13,20,21,26,29,8
4486,14-05-20,1,8,23,26,32,37,40
4487,17-05-20,6,7,17,26,29,32,10
4488,19-05-20,6,8,12,22,27,30,41
4489,21-05-20,11,14,19,20,30,37,12
4490,24-05-20,1,23,28,29,33,38,14
4491,26-05-20,1,3,7,11,26,35,22
4492,28-05-20,12,16,20,26,34,40,41
4493,31-05-20,3,11,12,20,25,31,27
4494,02-06-20,9,12,17,19,26,40,3
4495,04-06-20,14,17,18,21,28,34,32
4496,07-06-20,8,10,16,24,31,34,40
4497,09-06-20,11,23,32,36,40,41,22
4498,11-06-20,7,12,22,24,25,26,41
4499,14-06-20,12,13,14,17,21,25,38
4500,16-06-20,15,21,22,23,25,36,19
4501,18-06-20,2,4,7,21,26,32,37
4502,21-06-20,1,8,17,31,33,39,11
4503,23-06-20,13,25,27,30,32,41,37
4504,25-06-20,3,7,24,26,27,38,15
4505,28-06-20,1,18,24,26,30,32,9
4506,30-06-20,11,13,32,35,37,38,1
4507,02-07-20,3,25,26,28,35,41,11
4508,05-07-20,8,10,27,28,38,41,25
4509,07-07-20,13,14,15,32,38,40,21
4510,09-07-20,8,10,11,14,15,20,6
4511,12-07-20,1,5,11,32,33,34,20
4512,14-07-20,2,9,17,32,37,39,40
4513,16-07-20,17,22,33,35,36,41,18
4514,19-07-20,4,8,10,30,34,40,18
4515,21-07-20,1,4,26,28,38,40,24
4516,23-07-20,3,12,19,23,26,35,16
4517,26-07-20,11,13,22,23,29,34,31
4518,28-07-20,8,15,21,29,33,39,24
4519,30-07-20,1,10,11,14,35,38,18
4520,02-08-20,2,4,6,22,23,27,33
4521,04-08-20,3,9,21,35,36,39,1
4522,06-08-20,2,8,10,21,28,38,5
4523,09-08-20,6,7,11,18,26,40,39
4524,11-08-20,10,13,14,16,25,32,35
4525,13-08-20,7,11,12,29,31,38,23
4526,16-08-20,5,21,22,26,33,37,36
4527,18-08-20,2,14,17,20,26,39,13
4528,20-08-20,10,13,16,32,33,40,24
4529,23-08-20,15,19,25,30,38,40,13
4530,25-08-20,4,9,13,15,33,40,7
4531,27-08-20,5,11,13,23,30,33,10
4532,30-08-20,10,18,28,33,35,36,12
4533,01-09-20,9,11,12,22,40,41,1
4534,03-09-20,9,11,21,25,26,38,19
4535,06-09-20,1,3,11,24,31,36,39
4536,08-09-20,2,3,18,24,32,40,14
4537,10-09-20,2,23,28,33,40,41,17
4538,13-09-20,2,5,6,20,25,31,32
4539,15-09-20,5,7,15,21,26,41,22
4540,17-09-20,5,10,24,25,29,33,26
4541,20-09-20,10,18,23,26,31,37,36
4542,22-09-20,1,4,5,10,18,24,17
4543,24-09-20,2,6,21,25,27,37,40
4544,27-09-20,4,5,16,26,29,37,2
4545,29-09-20,12,16,29,30,35,38,15
4546,01-10-20,2,5,11,13,24,33,36
4547,04-10-20,5,7,28,29,34,38,1
4548,06-10-20,11,14,17,29,33,40,19
4549,08-10-20,6,15,16,33,34,37,18
4550,11-10-20,4,11,14,20,29,32,23
4551,13-10-20,1,15,19,23,28,29,2
4552,15-10-20,10,11,16,28,34,36,12
4553,18-10-20,1,4,20,24,33,35,14
4554,20-10-20,4,6,9,21,27,31,19
4555,22-10-20,5,9,16,17,20,24,12
4556,25-10-20,13,18,26,36,37,39,3
4557,27-10-20,15,17,18,25,27,35,34
4558,29-10-20,4,11,14,18,23,33,36
4559,01-11-20,4,17,19,22,27,38,25
4560,03-11-20,2,26,27,36,37,39,17
4561,05-11-20,8,20,33,35,38,40,26
4562,08-11-20,24,25,29,30,40,41,2
4563,10-11-20,5,16,32,34,40,41,20
4564,12-11-20,9,14,15,19,27,41,21
4565,15-11-20,2,29,31,33,36,41,6
4566,17-11-20,5,18,19,27,37,39,26
4567,19-11-20,9,20,28,37,38,39,30
4568,22-11-20,2,13,20,24,25,36,28
4569,24-11-20,8,9,11,14,29,39,3
4570,26-11-20,10,16,17,24,28,32,4
4571,29-11-20,8,32,37,39,40,41,29
4572,01-12-20,1,2,13,14,31,36,25
4573,03-12-20,8,11,17,23,27,37,30
4574,06-12-20,5,6,9,15,22,29,23
4575,08-12-20,13,15,16,17,33,38,31
4576,10-12-20,2,7,12,35,37,39,14
4577,13-12-20,5,7,14,32,36,40,2
4578,15-12-20,4,7,9,21,29,34,41
4579,17-12-20,12,14,27,30,39,40,7
4580,20-12-20,3,7,12,20,33,37,14
4581,22-12-20,9,11,12,13,22,36,40
4582,24-12-20,6,11,13,20,21,30,19
4583,27-12-20,2,3,12,13,22,27,36
4584,29-12-20,1,2,8,24,29,40,34
4585,31-12-20,12,18,27,34,35,41,22
4586,03-01-21,1,22,35,36,37,40,5
4587,05-01-21,4,8,15,16,31,41,29
4588,07-01-21,5,15,19,32,36,37,18
4589,10-01-21,4,15,16,33,35,37,30
4590,12-01-21,3,10,19,23,36,41,26
4591,14-01-21,12,14,24,30,31,32,40
4592,17-01-21,7,10,11,17,18,32,33
4593,19-01-21,9,13,14,17,24,38,32
4594,21-01-21,7,11,14,26,27,30,21
4595,24-01-21,8,12,14,20,30,39,3
4596,26-01-21,4,10,11,14,28,41,27
4597,28-01-21,20,22,29,35,36,37,41
4598,31-01-21,12,15,29,31,33,34,18
4599,02-02-21,2,3,12,14,22,37,6
4600,04-02-21,15,19,24,30,34,39,21
4601,07-02-21,2,11,23,30,37,40,39
4602,09-02-21,13,19,26,27,37,41,18
4603,11-02-21,2,3,6,7,29,36,22
4604,14-02-21,15,17,21,26,30,36,18
4605,16-02-21,5,11,13,19,26,32,8
4606,18-02-21,3,5,6,12,14,19,16
4607,21-02-21,3,13,19,33,34,36,26
4608,23-02-21,5,8,11,14,20,23,26
4609,25-02-21,1,2,19,28,36,37,24
4610,28-02-21,1,7,14,20,26,38,34
4611,02-03-21,19,22,24,31,38,41,8
4612,04-03-21,4,18,27,28,30,33,15
4613,07-03-21,2,8,21,32,35,39,27
4614,09-03-21,1,10,22,31,38,41,28
4615,11-03-21,5,6,11,20,30,37,38
4616,14-03-21,14,18,24,29,35,37,2
4617,16-03-21,4,9,11,22,25,39,20
4618,18-03-21,15,18,21,23,24,36,28
4619,21-03-21,13,30,32,34,36,41,1
4620,23-03-21,8,12,19,22,26,37,41
4621,25-03-21,11,16,24,32,36,39,41
4622,28-03-21,2,5,8,11,17,25,36
4623,30-03-21,12,16,20,21,22,35,32
4624,01-04-21,8,12,16,24,25,37,41
4625,04-04-21,2,8,23,24,30,34,28
4626,06-04-21,3,8,17,20,25,32,26
4627,08-04-21,11,12,13,16,33,39,40
4628,11-04-21,1,9,31,33,37,41,40
4629,13-04-21,7,10,12,17,21,27,41
4630,15-04-21,19,21,25,27,37,40,12
4631,18-04-21,6,8,16,29,31,34,5
4632,20-04-21,3,19,20,28,36,41,9
4633,22-04-21,11,17,22,23,32,39,3
4634,25-04-21,6,9,15,31,33,39,10
4635,27-04-21,24,25,30,38,40,41,2
4636,29-04-21,5,10,24,26,31,37,22
4637,02-05-21,4,10,18,26,31,38,20
4638,04-05-21,2,11,20,21,23,36,37
4639,06-05-21,12,18,26,33,37,40,27
4640,09-05-21,10,17,22,27,32,36,9
4641,11-05-21,1,6,13,23,30,37,32
4642,13-05-21,5,6,21,31,37,41,33
4643,16-05-21,3,9,19,22,37,38,16
4644,18-05-21,6,11,12,13,19,21,30
4645,20-05-21,6,14,17,18,34,38,36
4646,23-05-21,21,22,23,33,34,37,18
4647,25-05-21,13,22,26,33,37,39,40
4648,27-05-21,8,18,20,21,22,31,4
4649,30-05-21,1,10,13,17,24,39,23
4650,01-06-21,5,10,13,33,36,38,37
4651,03-06-21,4,18,26,33,34,37,5
4652,06-06-21,12,13,14,17,31,32,6
4653,08-06-21,12,18,19,28,36,39,40
4654,10-06-21,2,12,15,21,27,39,11
4655,13-06-21,8,14,19,34,37,41,10
4656,15-06-21,4,12,21,24,35,36,15
4657,17-06-21,10,15,23,34,35,38,36
4658,20-06-21,1,20,32,34,37,41,2
4659,22-06-21,4,16,20,24,36,37,41
4660,24-06-21,3,21,22,26,28,29,37
4661,27-06-21,4,7,9,24,27,33,31
4662,29-06-21,10,13,26,34,35,39,3
4663,01-07-21,7,9,16,24,27,36,31
4664,04-07-21,6,8,10,11,19,35,15
4665,06-07-21,16,17,18,24,33,40,20
4666,08-07-21,7,10,13,21,22,41,8
4667,11-07-21,9,13,19,27,29,32,23
4668,13-07-21,5,7,18,27,38,39,4
4669,15-07-21,3,15,19,21,27,41,33
4670,18-07-21,12,14,18,29,31,38,1
4671,20-07-21,15,20,25,28,33,37,24
4672,22-07-21,2,4,18,23,33,36,32
4673,25-07-21,7,12,19,20,34,35,37
4674,27-07-21,1,9,10,19,28,38,18
4675,29-07-21,5,7,9,17,29,31,38
4676,01-08-21,4,6,18,22,26,35,28
4677,03-08-21,3,17,27,30,36,37,21
4678,05-08-21,3,14,22,37,38,39,25
4679,08-08-21,7,11,20,26,27,37,34
4680,10-08-21,4,32,33,34,38,41,11
4681,12-08-21,1,11,19,26,30,34,14
4682,15-08-21,5,7,9,15,18,40,19
4683,17-08-21,8,19,24,36,39,40,41
4684,19-08-21,17,22,26,35,37,38,36
4685,22-08-21,5,13,14,25,26,35,21
4686,24-08-21,1,2,4,7,19,30,8
4687,26-08-21,16,21,24,30,35,38,17
4688,29-08-21,2,15,16,23,28,32,24
4689,31-08-21,8,14,20,23,29,35,40
4690,02-09-21,6,33,35,38,39,40,36
4691,05-09-21,12,21,26,37,38,39,9
4692,07-09-21,6,26,27,29,32,35,16
4693,09-09-21,1,15,18,20,25,38,10
4694,12-09-21,10,14,16,22,35,41,6
4695,14-09-21,17,18,25,27,32,38,23
4696,16-09-21,8,11,17,19,24,32,3
4697,19-09-21,1,6,7,13,32,34,18
4698,21-09-21,3,21,22,35,38,39,9
4699,23-09-21,6,7,9,14,23,30,15
4700,26-09-21,10,11,18,20,29,33,2
4701,28-09-21,7,8,12,30,31,40,34
4702,30-09-21,5,17,23,25,26,39,8
4703,03-10-21,7,11,14,21,33,38,28
4704,05-10-21,4,6,18,20,29,33,32
4705,07-10-21,8,12,14,21,24,34,35
4706,10-10-21,14,24,30,31,39,41,26
4707,12-10-21,4,5,17,25,32,36,14
4708,14-10-21,1,4,12,15,19,27,33
4709,17-10-21,4,15,20,31,35,36,29
4710,19-10-21,9,12,20,25,29,33,2
4711,21-10-21,1,2,4,5,10,16,19
4712,24-10-21,2,9,11,15,18,38,32
4713,26-10-21,4,6,14,29,39,41,8
4714,28-10-21,9,10,16,26,31,38,3
4715,31-10-21,3,18,19,21,29,37,23
4716,02-11-21,8,16,17,24,33,38,29
4717,04-11-21,1,6,16,33,37,38,19
4718,07-11-21,2,10,22,27,38,41,36
4719,09-11-21,15,19,27,30,36,41,8
4720,11-11-21,16,19,23,26,40,41,30
4721,14-11-21,13,14,23,28,31,34,9
4722,16-11-21,15,18,29,30,32,33,16
4723,18-11-21,1,6,29,31,35,37,7
4724,21-11-21,2,10,16,27,36,39,14
4725,23-11-21,3,8,9,20,21,39,34
4726,25-11-21,2,13,26,27,37,41,18
4727,28-11-21,3,4,19,24,26,31,38
4728,30-11-21,11,27,31,33,37,41,7
4729,02-12-21,1,6,15,18,19,41,24
4730,05-12-21,4,5,7,10,20,39,12
4731,07-12-21,1,5,16,27,36,37,15
4732,09-12-21,1,3,8,10,35,38,26
4733,12-12-21,12,14,17,19,31,38,39
4734,14-12-21,5,14,15,26,28,38,1
4735,16-12-21,7,10,20,30,35,37,4
4736,19-12-21,3,11,12,16,20,38,9
4737,21-12-21,2,14,23,38,40,41,10
4738,23-12-21,3,7,16,21,30,41,20
4739,26-12-21,5,10,11,22,23,35,1
4740,28-12-21,1,8,17,24,25,36,22
4741,30-12-21,5,24,26,28,39,41,10
4742,02-01-22,8,16,22,32,34,36,14
4743,04-01-22,3,8,9,15,16,37,40
4744,06-01-22,4,6,19,24,28,35,41
4745,09-01-22,5,14,15,17,19,22,24
4746,11-01-22,8,21,22,25,31,32,5
4747,13-01-22,5,15,17,23,27,39,2
4748,16-01-22,3,4,13,17,36,39,5
4749,18-01-22,10,15,20,26,28,33,12
4750,20-01-22,9,11,15,16,24,33,17
4751,23-01-22,2,14,15,27,34,40,1
4752,25-01-22,9,11,13,24,27,38,31
4753,27-01-22,6,11,12,26,35,41,34
4754,30-01-22,12,25,31,32,38,39,6
4755,01-02-22,12,16,22,30,35,37,41
4756,03-02-22,8,10,29,30,31,38,1
4757,06-02-22,4,23,24,30,33,41,9
4758,08-02-22,17,18,19,31,35,38,9
4759,10-02-22,7,11,12,28,33,35,13
4760,13-02-22,1,5,15,26,31,40,16
4761,15-02-22,1,12,17,22,37,39,2
4762,17-02-22,1,22,23,25,29,32,10
4763,20-02-22,7,12,23,32,39,41,40
4764,22-02-22,5,10,19,20,28,40,36
4765,24-02-22,6,7,12,14,25,31,22
4766,27-02-22,2,12,27,28,30,40,4
4767,01-03-22,5,8,14,15,22,41,37
4768,03-03-22,3,6,7,10,31,38,16
4769,06-03-22,1,6,29,30,37,41,32
4770,08-03-22,3,12,14,20,23,31,7
4771,10-03-22,4,10,12,21,30,36,17
4772,13-03-22,2,12,13,16,36,37,41
4773,15-03-22,11,15,21,25,35,36,9
4774,17-03-22,15,20,23,25,31,36,11
4775,20-03-22,2,3,19,35,38,41,36
4776,22-03-22,6,11,13,15,26,37,33
4777,24-03-22,9,10,18,21,22,27,11
4778,27-03-22,5,13,24,36,37,41,26
4779,29-03-22,2,5,6,7,21,40,4
4780,31-03-22,12,14,15,19,20,29,39
4781,03-04-22,1,4,11,12,23,31,33
4782,05-04-22,5,15,27,30,35,39,8
4783,07-04-22,3,14,23,28,29,41,16
4784,10-04-22,7,9,13,14,29,31,6
4785,12-04-22,5,12,25,37,38,41,20
4786,14-04-22,2,3,21,24,32,41,20
4787,17-04-22,8,23,31,33,35,39,11
4788,19-04-22,10,14,20,22,24,35,21
4789,21-04-22,4,12,20,29,35,39,40
4790,24-04-22,5,14,17,18,29,37,21
4791,26-04-22,2,12,14,20,36,38,9
4792,28-04-22,1,9,11,24,30,31,17
4793,01-05-22,6,18,21,22,29,32,28
4794,03-05-22,16,17,20,26,27,36,28
4795,05-05-22,1,4,8,25,33,41,9
4796,08-05-22,3,17,26,28,29,40,16
4797,10-05-22,3,13,19,20,30,36,38
4798,12-05-22,7,13,15,21,22,40,3
4799,15-05-22,13,14,15,21,23,39,28
4800,17-05-22,3,5,15,25,31,32,40
4801,19-05-22,9,16,21,22,26,41,15
4802,22-05-22,2,15,19,23,25,37,1
4803,24-05-22,4,7,18,21,37,41,3
4804,26-05-22,15,16,17,26,36,40,14
4805,29-05-22,13,15,25,30,39,40,3
4806,31-05-22,4,14,19,23,29,30,17
4807,02-06-22,17,20,22,25,27,28,23
4808,05-06-22,2,15,24,25,32,40,12
4809,07-06-22,4,11,28,33,38,41,7
4810,09-06-22,16,18,21,29,32,37,8
4811,12-06-22,7,8,17,21,31,33,38
4812,14-06-22,8,11,15,31,34,40,41
4813,16-06-22,5,14,22,29,32,35,17
4814,19-06-22,3,5,15,22,31,39,14
4815,21-06-22,1,8,10,19,37,40,30
4816,23-06-22,27,29,30,31,32,36,13
4817,26-06-22,7,10,15,23,29,35,13
4818,28-06-22,4,6,21,22,27,39,37
4819,30-06-22,3,15,21,25,28,33,23
4820,03-07-22,1,9,19,28,39,41,24
4821,05-07-22,1,8,20,30,36,40,3
4822,07-07-22,6,27,32,37,38,39,40
4823,10-07-22,7,16,21,22,37,41,30
4824,12-07-22,4,7,17,32,38,40,1
4825,14-07-22,2,14,16,20,26,34,8
4826,17-07-22,6,8,12,17,27,35,28
4827,19-07-22,6,8,11,14,19,31,1
4828,21-07-22,2,19,29,33,34,41,20
4829,24-07-22,2,4,10,15,31,38,5
4830,26-07-22,1,10,15,20,24,36,23
4831,28-07-22,1,10,17,25,28,39,34
4832,31-07-22,6,9,13,15,16,22,19
4833,02-08-22,1,7,8,9,13,16,23
4834,04-08-22,1,2,4,17,19,36,7
4835,07-08-22,2,15,19,30,38,40,28
4836,09-08-22,1,4,8,11,15,31,20
4837,11-08-22,4,7,9,31,33,40,6
4838,14-08-22,2,7,12,34,35,41,10
4839,16-08-22,5,9,10,17,26,38,27
4840,18-08-22,6,8,26,33,34,37,23
4841,21-08-22,12,16,19,22,25,37,38
4842,23-08-22,5,6,11,13,15,28,40
4843,25-08-22,10,12,14,15,34,39,38
4844,28-08-22,1,10,14,25,33,40,3
4845,30-08-22,3,13,17,34,38,41,4
4846,01-09-22,12,18,23,29,36,40,37
4847,04-09-22,19,29,30,38,39,41,34
4848,06-09-22,7,8,21,23,27,31,5
4849,08-09-22,21,23,30,34,38,40,7
4850,11-09-22,12,17,26,30,34,41,3
4851,13-09-22,5,11,16,33,34,35,9
4852,15-09-22,2,5,9,19,23,24,8
4853,18-09-22,3,11,16,20,21,40,7
4854,20-09-22,2,13,14,24,33,36,21
4855,22-09-22,1,3,4,8,13,36,14
4856,25-09-22,6,10,28,34,37,41,23
4857,27-09-22,9,13,23,25,27,40,4
4858,29-09-22,11,15,19,20,31,38,8
4859,02-10-22,2,13,19,21,33,34,5
4860,04-10-22,10,24,28,32,33,39,13
4861,06-10-22,1,2,11,23,29,36,5
4862,09-10-22,1,10,13,22,37,39,27
4863,11-10-22,1,16,17,25,29,35,2
4864,13-10-22,1,2,3,20,35,40,11
4865,16-10-22,1,15,16,21,27,33,28
4866,18-10-22,8,21,22,30,33,38,12
4867,20-10-22,5,14,19,20,22,37,28
4868,23-10-22,3,17,29,30,31,35,25
4869,25-10-22,1,13,21,23,29,41,33
4870,27-10-22,3,5,9,29,34,37,32
4871,30-10-22,8,9,11,17,22,39,6
4872,01-11-22,5,16,28,30,31,38,29
4873,03-11-22,5,12,21,25,29,36,23
4874,06-11-22,2,9,14,15,29,36,8
4875,08-11-22,3,6,11,17,31,36,34
4876,10-11-22,4,12,19,21,22,36,7
4877,13-11-22,1,14,15,26,28,35,18
4878,15-11-22,3,12,24,35,36,37,2
4879,17-11-22,4,12,23,25,29,37,26
4880,20-11-22,2,17,22,23,29,31,10
4881,22-11-22,2,20,22,30,38,41,32
4882,24-11-22,3,18,31,37,38,40,24
4883,27-11-22,5,6,24,29,33,34,17
4884,29-11-22,7,8,14,24,29,40,16
4885,01-12-22,2,5,7,11,18,37,14
4886,04-12-22,12,16,31,35,37,40,32
4887,06-12-22,12,20,23,31,32,33,9
4888,08-12-22,2,10,14,20,29,38,13
4889,11-12-22,2,20,24,26,30,34,14
4890,13-12-22,12,28,32,34,38,41,26
4891,15-12-22,14,16,21,24,32,38,3
4892,18-12-22,2,3,4,5,11,40,22
4893,20-12-22,13,18,20,26,30,39,19
4894,22-12-22,8,19,25,34,39,41,33
4895,25-12-22,19,22,24,25,26,39,28
4896,27-12-22,7,20,21,22,38,40,27
4897,29-12-22,1,9,21,24,34,36,15
4898,01-01-23,13,16,28,31,36,37,30
4899,03-01-23,1,12,26,29,37,41,14
4900,05-01-23,6,13,16,19,32,41,1
4901,08-01-23,4,19,21,26,27,29,34
4902,10-01-23,4,15,23,27,33,36,20
4903,12-01-23,19,20,23,26,28,40,31
4904,15-01-23,1,12,15,27,39,41,40
4905,17-01-23,26,29,33,38,40,41,35
4906,19-01-23,2,12,14,19,27,37,1
4907,22-01-23,2,9,12,21,26,40,24
4908,24-01-23,4,15,22,36,39,40,17
4909,26-01-23,1,6,8,9,12,25,3
4910,29-01-23,10,11,13,27,35,38,32
4911,31-01-23,1,13,20,35,37,39,23
4912,02-02-23,8,9,30,31,35,41,20
4913,05-02-23,2,7,17,24,37,40,6
4914,07-02-23,7,22,33,35,36,41,39
4915,09-02-23,5,7,15,31,35,40,36
4916,12-02-23,2,8,23,29,31,34,22
4917,14-02-23,8,10,22,26,36,37,4
4918,16-02-23,9,13,22,23,31,36,5
4919,19-02-23,15,18,21,25,30,32,19
4920,21-02-23,6,7,20,30,36,41,38
4921,23-02-23,3,9,11,28,34,36,15
4922,26-02-23,2,3,6,17,31,40,19
4923,28-02-23,5,10,12,26,27,39,30
4924,02-03-23,10,18,26,27,30,39,28
4925,05-03-23,3,10,23,24,32,37,35
4926,07-03-23,16,22,26,27,33,39,38
4927,09-03-23,3,4,19,24,30,32,10
4928,12-03-23,2,7,11,25,27,35,26
4929,14-03-23,8,13,20,21,26,35,30
4930,16-03-23,4,6,7,12,24,35,2
4931,19-03-23,2,25,28,33,39,41,16
4932,21-03-23,1,7,16,21,37,38,22
4933,23-03-23,3,12,26,31,34,36,13
4934,26-03-23,11,12,17,22,39,40,28
4935,28-03-23,2,9,11,15,18,20,34
4936,30-03-23,2,13,15,16,25,27,6
4937,02-04-23,7,15,21,27,30,38,1
4938,04-04-23,14,19,20,21,24,41,39
4939,06-04-23,2,12,28,29,30,33,21
4940,09-04-23,1,2,11,25,30,35,17
4941,11-04-23,1,4,5,10,21,28,34
4942,13-04-23,4,11,15,19,26,35,5
4943,16-04-23,5,7,18,23,24,27,1
4944,18-04-23,2,7,10,14,34,40,5
4945,20-04-23,1,2,12,13,32,33,29
4946,23-04-23,5,6,12,20,23,33,13
4947,25-04-23,1,12,18,25,27,34,13
4948,27-04-23,6,11,22,26,36,41,3
4949,30-04-23,9,19,26,28,29,36,33
4950,02-05-23,2,12,16,17,24,41,21
4951,04-05-23,13,14,19,27,38,40,20
4952,07-05-23,4,7,16,20,23,34,29
4953,09-05-23,3,11,16,19,31,32,14
4954,11-05-23,7,10,15,17,28,37,23
4955,14-05-23,18,19,23,33,39,40,41
4956,16-05-23,6,7,18,19,21,23,8
4957,18-05-23,1,4,7,15,24,34,21
4958,21-05-23,5,7,13,23,33,40,36
4959,23-05-23,2,6,10,12,16,31,26
4960,25-05-23,10,13,21,25,29,37,1
4961,28-05-23,5,16,17,22,27,33,41
4962,30-05-23,1,11,14,15,29,30,23
4963,01-06-23,10,20,24,26,34,38,3
4964,04-06-23,18,22,27,32,34,35,2
4965,06-06-23,4,8,13,22,28,33,41
4966,08-06-23,4,5,11,18,20,23,37
4967,11-06-23,4,7,30,34,39,41,40
4968,13-06-23,5,14,18,22,24,29,33
4969,15-06-23,1,15,16,23,38,39,28
4970,18-06-23,11,19,22,23,28,29,14
4971,20-06-23,8,17,24,30,37,38,33
4972,22-06-23,24,29,30,31,34,41,14
4973,25-06-23,19,20,21,27,30,39,26
4974,27-06-23,1,7,10,17,35,39,26
4975,29-06-23,6,11,13,15,16,30,2
4976,02-07-23,5,10,12,15,29,39,31
4977,04-07-23,5,10,21,28,32,33,23
4978,06-07-23,7,9,12,29,40,41,26
4979,09-07-23,2,3,9,14,19,39,26
4980,11-07-23,5,9,12,13,15,36,3
4981,13-07-23,3,5,9,13,18,27,39
4982,16-07-23,6,9,13,14,22,23,24
4983,18-07-23,1,12,19,30,35,41,14
4984,20-07-23,1,15,16,23,26,33,4
4985,23-07-23,6,13,19,25,26,36,2
4986,25-07-23,4,12,13,18,33,40,10
4987,27-07-23,3,5,7,17,25,36,14
4988,30-07-23,2,7,8,31,37,40,20
4989,01-08-23,11,18,23,25,28,36,15
4990,03-08-23,2,3,12,28,32,34,18
4991,06-08-23,2,6,18,27,29,38,3
4992,08-08-23,15,18,21,24,31,35,23
4993,10-08-23,18,21,24,25,30,34,15
4994,13-08-23,3,9,23,27,29,32,13
4995,15-08-23,4,9,10,16,18,24,31
4996,17-08-23,6,8,10,13,19,33,7
4997,20-08-23,1,3,13,15,22,41,10
4998,22-08-23,10,12,21,27,37,40,9
4999,24-08-23,13,16,17,24,26,40,23
5000,27-08-23,3,12,14,24,32,36,40
5001,29-08-23,1,7,23,31,38,41,36
5002,31-08-23,4,8,17,29,30,36,22
5003,03-09-23,7,14,15,17,22,24,29
5004,05-09-23,1,3,6,14,24,38,40
5005,07-09-23,8,10,31,33,34,41,1
5006,10-09-23,9,11,22,23,31,38,29
5007,12-09-23,2,12,22,31,34,38,6
5008,14-09-23,2,10,12,13,24,26,21
5009,17-09-23,7,21,25,32,35,37,24
5010,19-09-23,2,8,20,27,38,39,31
5011,21-09-23,3,4,13,19,28,30,15
5012,24-09-23,9,12,22,25,30,32,29
5013,26-09-23,17,24,31,34,36,38,19
5014,28-09-23,2,3,7,10,30,38,31
5015,01-10-23,15,16,22,29,31,37,2
5016,03-10-23,11,14,15,29,33,35,10
5017,05-10-23,7,17,22,24,31,33,9
5018,08-10-23,6,17,26,27,35,40,9
5019,10-10-23,6,15,19,21,30,33,20
5020,12-10-23,15,17,23,25,30,35,19
5021,15-10-23,4,8,9,19,25,28,36
5022,17-10-23,3,6,8,26,31,38,28
5023,19-10-23,9,12,18,19,29,37,33
5024,22-10-23,7,19,26,27,33,35,17
5025,24-10-23,6,7,10,28,37,39,23
5026,26-10-23,7,13,16,23,29,32,9
5027,29-10-23,5,6,16,18,27,40,1
5028,31-10-23,1,13,14,17,30,37,3
5029,02-11-23,1,6,25,32,37,40,33
5030,05-11-23,1,3,19,32,37,41,12
5031,07-11-23,2,5,7,9,11,25,1
5032,09-11-23,4,9,15,18,21,40,12
5033,12-11-23,8,10,14,21,28,33,31
5034,14-11-23,1,4,5,8,27,41,40
5035,16-11-23,2,3,13,27,36,41,24
5036,19-11-23,4,5,6,13,22,23,7
5037,21-11-23,15,18,20,34,37,41,32
5038,23-11-23,4,9,27,29,32,33,24
5039,26-11-23,1,3,14,31,36,40,24
5040,28-11-23,8,15,18,27,31,35,19
5041,30-11-23,5,7,13,27,29,38,35
5042,03-12-23,4,8,16,19,25,28,35
5043,05-12-23,2,10,23,25,28,33,17
5044,07-12-23,3,11,20,28,34,40,7
5045,10-12-23,3,9,14,15,28,30,23
5046,12-12-23,1,5,17,18,29,31,14
5047,14-12-23,1,3,10,11,17,22,38
5048,17-12-23,2,5,11,22,28,38,16
5049,19-12-23,5,7,11,33,38,41,14
5050,21-12-23,1,13,18,19,32,38,40
5051,24-12-23,1,2,4,5,27,30,28
5052,26-12-23,7,21,28,33,36,41,38
5053,28-12-23,5,9,13,16,22,32,7
5054,31-12-23,2,13,33,38,39,41,24
5055,02-01-24,2,16,20,32,35,38,41
5056,04-01-24,1,7,10,16,34,41,26
5057,07-01-24,3,20,25,27,29,41,11
5058,09-01-24,13,20,27,28,35,41,16
5059,11-01-24,9,27,28,31,37,38,15
5060,14-01-24,17,23,25,26,27,29,37
5061,16-01-24,12,15,21,30,37,41,4
5062,18-01-24,2,7,19,24,35,38,10
5063,21-01-24,1,21,26,27,33,39,25
5064,23-01-24,5,21,25,29,36,37,9
5065,25-01-24,10,13,22,28,32,35,26
5066,28-01-24,8,11,28,31,38,39,4
5067,30-01-24,1,11,19,25,31,40,4
5068,01-02-24,2,11,14,19,29,36,3
5069,04-02-24,3,5,7,11,22,30,23
5070,06-02-24,4,6,10,18,34,37,20
5071,08-02-24,4,5,7,10,29,34,38
5072,11-02-24,2,11,17,23,35,37,39
5073,13-02-24,1,4,9,10,25,26,34
5074,15-02-24,8,11,20,31,36,37,1
5075,18-02-24,6,16,17,23,26,30,21
5076,20-02-24,4,11,19,26,28,35,29
5077,22-02-24,16,23,27,31,34,35,9
5078,25-02-24,7,13,15,22,26,39,23
5079,27-02-24,15,20,27,34,40,41,22
5080,29-02-24,3,14,32,37,40,41,5
5081,03-03-24,6,9,10,13,25,33,30
5082,05-03-24,10,13,22,25,30,37,34
5083,07-03-24,3,4,12,17,20,30,40
5084,10-03-24,2,4,6,21,32,36,26
5085,12-03-24,1,12,21,25,33,35,13
5086,14-03-24,2,3,13,18,21,35,28
5087,17-03-24,9,12,13,29,31,32,24
5088,19-03-24,2,18,20,26,39,40,41
5089,21-03-24,2,11,24,26,28,38,27
5090,24-03-24,8,9,13,23,32,34,18
5091,26-03-24,6,24,25,32,33,34,19
5092,28-03-24,2,3,11,21,24,28,16
5093,31-03-24,8,19,21,31,40,41,3
5094,02-04-24,9,14,19,26,32,37,3
5095,04-04-24,4,19,25,28,31,32,7
5096,07-04-24,5,21,23,28,39,41,20
5097,09-04-24,11,16,25,28,34,40,9
5098,11-04-24,7,12,16,17,24,25,36
5099,14-04-24,2,3,5,14,17,25,21
5100,16-04-24,1,2,12,22,29,31,40
5101,18-04-24,3,10,11,16,26,32,23
5102,21-04-24,1,17,24,28,33,35,20
5103,23-04-24,1,3,16,23,29,32,21
5104,25-04-24,7,8,10,21,23,26,37
5105,28-04-24,6,14,18,22,30,40,13
5106,30-04-24,4,8,9,10,15,33,34
5107,02-05-24,1,5,20,33,35,39,4
5108,05-05-24,2,4,19,23,29,39,34
5109,07-05-24,2,13,23,24,33,39,8
5110,09-05-24,7,23,24,36,38,39,27
5111,12-05-24,7,21,23,24,34,37,18
5112,14-05-24,4,5,13,20,33,34,6
5113,16-05-24,5,20,21,25,28,35,30
5114,19-05-24,5,6,23,30,33,35,3
5115,21-05-24,7,10,15,20,26,33,27
5116,23-05-24,7,8,11,14,16,19,36
5117,26-05-24,1,5,14,31,35,36,6
5118,28-05-24,13,16,18,22,24,39,41
5119,30-05-24,1,3,25,29,32,39,23
5120,02-06-24,3,8,9,27,35,40,28
5121,04-06-24,2,10,26,28,29,40,19
5122,06-06-24,6,15,16,19,32,41,35
5123,09-06-24,5,9,10,11,25,37,24
5124,11-06-24,9,10,28,29,36,39,18
5125,13-06-24,2,7,10,25,29,30,37
5126,16-06-24,3,5,17,25,28,40,21
5127,18-06-24,1,21,23,26,38,40,15
5128,20-06-24,11,16,27,30,33,38,17
5129,23-06-24,4,10,21,27,33,35,16
5130,25-06-24,1,4,14,16,24,33,38
5131,27-06-24,3,4,21,23,32,35,5
5132,30-06-24,15,18,23,25,35,37,11
5133,02-07-24,23,26,28,30,33,40,25
5134,04-07-24,2,13,14,18,24,36,35
5135,07-07-24,3,9,25,26,34,41,13
5136,09-07-24,2,9,12,23,29,36,28
5137,11-07-24,5,9,11,22,30,35,28
5138,14-07-24,11,16,22,23,33,38,20
5139,16-07-24,13,26,31,33,34,36,22
5140,18-07-24,18,21,23,29,37,41,38
5141,21-07-24,10,16,17,23,31,40,13
5142,23-07-24,1,15,22,28,39,40,27
5143,25-07-24,2,7,12,28,37,39,30
5144,28-07-24,2,13,14,24,27,32,4
5145,30-07-24,7,9,10,12,23,24,29
5146,01-08-24,4,17,24,28,29,34,25
5147,04-08-24,4,5,21,24,30,31,33
5148,06-08-24,4,8,19,24,29,40,2
5149,08-08-24,10,17,26,28,31,34,20
5150,11-08-24,6,22,23,26,27,35,38
5151,13-08-24,7,22,25,34,39,40,3
5152,15-08-24,3,4,5,7,21,38,11
5153,18-08-24,5,14,16,19,30,40,33
5154,20-08-24,5,20,21,27,37,40,35
5155,22-08-24,13,20,21,22,35,38,14
5156,25-08-24,7,25,32,33,38,41,30
5157,27-08-24,7,23,32,34,39,40,36
5158,29-08-24,4,17,22,23,29,38,16
5159,01-09-24,5,8,12,14,34,36,40
5160,03-09-24,6,15,18,20,22,38,13
5161,05-09-24,1,5,14,28,33,36,8
5162,08-09-24,4,17,25,29,32,33,22
5163,10-09-24,6,14,18,19,33,34,11
5164,12-09-24,11,20,21,22,31,33,19
5165,15-09-24,1,3,10,27,36,39,34
5166,17-09-24,6,11,13,15,16,23,29
5167,19-09-24,2,3,17,18,24,33,36
5168,22-09-24,7,17,22,31,34,38,36
5169,24-09-24,11,17,24,27,38,40,21
5170,26-09-24,8,9,18,26,33,40,41
5171,29-09-24,3,11,27,34,37,38,6
5172,01-10-24,11,15,18,26,28,39,8
5173,03-10-24,7,15,18,29,35,36,12
5174,06-10-24,3,11,13,17,21,25,4
5175,08-10-24,2,11,12,21,29,41,14
5176,10-10-24,2,7,11,12,22,23,10
5177,13-10-24,3,7,12,32,37,39,17
5178,15-10-24,3,5,7,11,12,27,19
5179,17-10-24,12,15,20,22,26,35,33
5180,20-10-24,13,17,20,32,35,40,24
5181,22-10-24,8,11,12,20,25,31,37
5182,24-10-24,1,11,27,30,33,34,4
5183,27-10-24,1,2,5,11,30,32,17
5184,29-10-24,6,16,31,32,33,41,20
5185,31-10-24,10,13,19,26,28,32,37
5186,03-11-24,2,10,21,28,31,39,22
5187,05-11-24,2,11,21,26,28,31,3
5188,07-11-24,7,15,17,31,32,33,37
5189,10-11-24,5,13,18,25,28,41,4
5190,12-11-24,1,2,3,9,23,35,5
5191,14-11-24,8,20,29,30,33,40,1
5192,17-11-24,2,4,12,17,23,32,16
5193,19-11-24,14,17,26,28,40,41,31
5194,21-11-24,6,9,16,22,25,32,10
5195,24-11-24,3,6,7,16,23,33,21
5196,26-11-24,1,7,11,21,26,28,16
5197,28-11-24,11,22,24,31,34,38,6
5198,01-12-24,4,6,17,22,34,41,13
5199,03-12-24,4,7,9,18,22,37,1
5200,05-12-24,11,16,27,31,36,37,5
5201,08-12-24,7,10,25,26,28,37,21
5202,10-12-24,3,11,14,22,23,39,24
5203,12-12-24,1,5,6,27,38,39,15
5204,15-12-24,17,19,23,27,28,39,16
5205,17-12-24,1,18,33,35,38,41,20
5206,19-12-24,9,10,12,17,26,28,31
5207,22-12-24,3,10,15,23,27,29,2
5208,24-12-24,7,16,23,31,39,41,30
5209,26-12-24,3,13,32,35,36,39,28
5210,29-12-24,10,13,14,16,37,39,41
5211,31-12-24,3,8,10,22,30,32,19
5212,02-01-25,1,9,31,32,34,39,12
5213,05-01-25,7,17,18,30,35,38,6
5214,07-01-25,3,7,10,15,24,35,22
5215,09-01-25,4,8,13,18,27,30,2
5216,12-01-25,5,11,14,19,22,31,8
5217,14-01-25,2,10,32,34,37,40,28
5218,16-01-25,1,20,29,32,34,41,21
5219,19-01-25,4,10,11,13,39,40,1
5220,21-01-25,2,3,13,28,30,36,8
5221,23-01-25,3,17,20,26,32,40,15
5222,26-01-25,5,20,28,31,33,35,18
5223,28-01-25,6,11,18,23,27,29,33
5224,30-01-25,2,9,10,18,22,36,8
5225,02-02-25,4,15,24,28,30,41,31
5226,04-02-25,1,13,23,25,32,35,10
5227,06-02-25,14,17,21,27,29,34,1
5228,09-02-25,8,17,27,29,32,40,15
5229,11-02-25,7,14,18,23,30,35,13
5230,13-02-25,6,8,11,14,27,41,23
5231,16-02-25,9,13,15,28,29,38,12
5232,18-02-25,5,23,28,33,37,40,31
5233,20-02-25,13,14,17,27,29,36,18
5234,23-02-25,3,14,20,31,33,34,5
5235,25-02-25,3,4,10,16,22,31,34
5236,27-02-25,1,4,16,20,24,25,23
5237,02-03-25,1,6,18,22,37,39,5
5238,04-03-25,15,27,28,30,40,41,37
5239,06-03-25,1,7,16,22,38,41,4
5240,09-03-25,10,20,22,30,34,39,12
5241,11-03-25,1,10,14,17,20,34,5
5242,13-03-25,1,3,5,15,20,36,33
5243,16-03-25,25,28,31,32,39,41,18
5244,18-03-25,2,5,9,13,23,26,30
5245,20-03-25,2,7,10,11,35,41,21
5246,23-03-25,2,3,16,26,35,41,10
5247,25-03-25,1,7,12,13,30,33,16
5248,27-03-25,2,11,14,15,30,31,3
5249,30-03-25,3,11,20,24,30,36,1
5250,01-04-25,14,17,22,23,27,31,35
5251,03-04-25,1,11,14,16,17,25,41
5252,06-04-25,1,15,22,33,38,39,41
5253,08-04-25,6,22,28,30,35,41,2
5254,10-04-25,5,9,28,36,39,40,23
5255,13-04-25,9,17,23,28,29,37,3
5256,15-04-25,5,6,11,12,35,36,39
5257,17-04-25,14,17,26,28,32,36,27
5258,20-04-25,4,15,20,21,32,38,7
5259,22-04-25,3,17,29,30,36,40,24
5260,24-04-25,2,9,16,29,36,41,24
5261,27-04-25,1,19,20,21,25,34,7
5262,29-04-25,2,8,14,20,34,39,19
5263,01-05-25,5,9,10,12,27,36,11
5264,04-05-25,12,19,21,24,33,38,25
5265,06-05-25,12,24,25,29,32,33,3
5266,08-05-25,2,4,8,10,18,38,41
5267,11-05-25,3,14,21,24,34,40,32
5268,13-05-25,1,7,10,29,36,41,21
5269,15-05-25,5,15,29,32,37,41,1
5270,18-05-25,12,17,28,33,37,38,41
5271,20-05-25,13,21,32,33,35,39,41
5272,22-05-25,3,12,17,25,36,38,27
5273,25-05-25,11,18,24,34,35,39,28
5274,27-05-25,15,17,21,23,26,29,24
5275,29-05-25,19,24,25,34,38,39,20
5276,01-06-25,1,7,13,20,29,31,21
5277,03-06-25,12,14,16,33,34,38,8
5278,05-06-25,7,17,21,29,31,37,36
5279,08-06-25,8,11,17,20,22,31,9
5280,10-06-25,5,10,24,27,29,37,38
5281,12-06-25,3,6,7,25,32,36,16
5282,15-06-25,4,6,8,17,26,32,3
5283,17-06-25,4,7,12,14,15,24,1
5284,19-06-25,17,25,35,36,38,39,27
5285,22-06-25,11,13,14,21,30,40,12
5286,24-06-25,3,11,16,19,24,40,28
5287,26-06-25,1,2,8,14,22,25,20
5288,29-06-25,3,16,26,27,33,41,11
5289,01-07-25,16,25,26,28,30,34,2
5290,03-07-25,7,20,21,22,29,41,30
5291,06-07-25,5,8,16,33,36,40,6
5292,08-07-25,1,4,5,7,17,33,8
5293,10-07-25,5,8,9,16,20,31,25
5294,13-07-25,2,7,13,28,34,38,23
5295,15-07-25,7,20,26,29,34,41,19
5296,17-07-25,11,17,30,38,39,41,36
5297,20-07-25,2,9,14,26,32,37,40
5298,22-07-25,4,10,12,14,27,39,5
5299,24-07-25,2,19,22,23,29,31,6
5300,27-07-25,1,13,20,25,27,35,33
5301,29-07-25,5,10,16,22,33,37,1
5302,31-07-25,11,14,17,24,30,39,12
5303,03-08-25,10,13,19,26,27,39,8
5304,05-08-25,9,18,20,22,23,38,7
5305,07-08-25,5,11,13,23,36,38,39
5306,10-08-25,10,11,13,26,27,41,39
5307,12-08-25,13,15,16,27,34,35,12
5308,14-08-25,1,10,17,28,33,36,6
5309,17-08-25,2,5,12,17,18,21,25
5310,19-08-25,9,18,29,39,40,41,24
5311,21-08-25,6,22,27,29,35,38,18
5312,24-08-25,2,8,10,12,21,38,30
5313,26-08-25,2,5,21,27,36,39,26
5314,28-08-25,6,16,18,20,35,39,14
5315,31-08-25,3,6,28,32,35,38,41
5316,02-09-25,7,8,10,24,28,32,27
5317,04-09-25,7,10,15,20,28,36,19
5318,07-09-25,6,8,10,18,26,27,13
5319,09-09-25,7,9,10,15,16,23,3
5320,11-09-25,4,13,19,28,39,40,23
5321,14-09-25,5,12,22,33,37,38,14
5322,16-09-25,3,13,17,20,36,37,30
5323,18-09-25,4,12,20,22,28,35,23
5324,21-09-25,1,7,17,22,24,29,15
5325,23-09-25,21,31,33,37,39,41,11
5326,25-09-25,10,22,25,35,37,40,20
5327,28-09-25,11,13,18,32,40,41,8
5328,30-09-25,7,20,28,29,37,39,6
5329,02-10-25,7,12,18,28,34,37,13
5330,05-10-25,10,21,22,23,33,38,41
5331,07-10-25,3,14,20,22,32,37,24
5332,09-10-25,9,12,19,25,26,33,40
5333,12-10-25,2,13,17,20,29,39,27
5334,14-10-25,1,10,11,30,31,40,20
5335,16-10-25,2,4,7,14,18,28,22
5336,19-10-25,18,23,26,32,37,38,12
5337,21-10-25,3,8,18,19,21,29,7
5338,23-10-25,5,6,8,25,30,41,22
5339,26-10-25,6,25,36,38,40,41,23
5340,28-10-25,8,11,21,28,38,40,32
5341,30-10-25,10,15,20,24,25,31,21
5342,02-11-25,1,28,29,32,35,37,16
5343,04-11-25,2,13,20,23,24,40,27
5344,06-11-25,4,5,6,9,21,26,41
5345,09-11-25,10,21,25,27,38,40,13
5346,11-11-25,4,8,13,14,17,24,30
5347,13-11-25,5,6,12,23,36,38,2
5348,16-11-25,1,9,13,28,31,34,17
5349,18-11-25,2,13,18,19,29,30,22
5350,20-11-25,6,15,19,24,31,36,40
5351,23-11-25,1,2,5,18,23,38,22
